ネガ単語,スコア
恐ろしい,0.963112
殺し,0.963112
殺さ,0.963112
死ん,0.963112
恨み,0.949208
殺す,0.934858
不幸,0.934186
酷い,0.933306
残忍,0.933111
愚か,0.922201
後悔,0.912026
むごい,0.910941
苦痛,0.908292
悲惨,0.908152
醜い,0.907627
侮辱,0.905788
責める,0.903232
怒っ,0.90183
怯え,0.901404
死ぬ,0.90138
恨ん,0.89427
罪悪,0.89226
殺める,0.891348
怒り,0.890765
罵ら,0.889343
可哀想,0.886624
恐れる,0.88462
責め立てる,0.884209
憎む,0.883269
仕打ち,0.881359
苦悩,0.880686
嫉妬,0.876311
理不尽,0.871535
冷酷,0.871413
死な,0.868129
後ろめたい,0.868015
哀れ,0.866726
発狂,0.864481
苦しみ,0.86192
悲しい,0.860786
傲慢,0.860231
嫌悪,0.859887
卑劣,0.859869
やり場,0.859351
憎しみ,0.857914
虐待,0.856431
のけ者,0.853042
辱める,0.852447
復讐,0.852168
罵る,0.851896
怒る,0.851082
言い聞かせる,0.849387
憎悪,0.849246
不愉快,0.848836
憎ん,0.846155
独りぼっち,0.845611
忌まわしい,0.84489
嘆く,0.844279
容赦,0.842006
我がまま,0.841802
虐げる,0.841415
罵倒,0.841218
臆病者,0.841054
取り乱す,0.841041
激怒,0.840457
殴ら,0.840315
恨む,0.839698
軽蔑,0.839663
苦しむ,0.838603
自暴自棄,0.837223
虐め,0.837204
折檻,0.83611
惨殺,0.835915
犯し,0.835646
病ん,0.8351
叱りつける,0.834554
悪口,0.834543
おびえる,0.833287
惨め,0.833268
傷つける,0.833207
ひどく,0.833175
悔やむ,0.832618
口答え,0.832398
死に神,0.831378
悲しみ,0.831013
悪い,0.830791
乱暴,0.829642
裏切り者,0.82939
汚らわしい,0.829159
裏切ら,0.828745
殺せ,0.828481
不貞,0.827917
耐え忍ぶ,0.82694
同情,0.826399
憎み,0.825082
残虐,0.825017
おぞましい,0.82443
馬鹿,0.823528
叱責,0.823297
愚かしい,0.822487
迫害,0.822252
嘘,0.821963
残酷,0.821685
言い返す,0.820887
悔いる,0.820706
濡れ衣,0.820157
自尊心,0.820067
人殺し,0.819788
降りかかる,0.819456
偽善,0.818414
犯さ,0.818003
病気,0.817299
憤り,0.81706
瀕死,0.815832
罪業,0.815801
絶望,0.81529
苛烈,0.815057
自棄,0.814995
恥,0.814772
憎まれ口,0.81457
見殺し,0.814076
非道,0.813915
中傷,0.813217
レイプ,0.812831
仕返し,0.81162
罪,0.81128
罵っ,0.811245
激昂,0.81124
思い上がり,0.810793
堕落,0.810747
庇う,0.810124
嫌い,0.809727
忍従,0.809215
凄惨,0.808484
皆殺し,0.808468
弱っ,0.808148
かわいそう,0.807534
耐えがたい,0.807422
紛らわせる,0.80728
信じ込む,0.807206
苛ま,0.806251
嫌わ,0.806165
我慢,0.806003
いじめ,0.805777
境遇,0.805577
粗暴,0.805292
妬み,0.804307
傷付ける,0.803794
逃げ出し,0.803386
憤慨,0.803383
横暴,0.8033
恥辱,0.802154
逃げ出す,0.801945
気絶,0.801825
憐憫,0.801485
うろたえる,0.801449
赤ん坊,0.801368
卑屈,0.800756
あざけり,0.800183
自殺,0.799873
逆上,0.79978
心配,0.799748
凶暴,0.799642
罪人,0.799065
卑怯,0.798863
撃ち殺し,0.798057
反抗,0.797743
無神経,0.797607
覚悟,0.796238
裏切り,0.795795
失望,0.795739
犯す,0.795688
気の毒,0.795358
暴力,0.795089
すすり泣く,0.794944
恐怖,0.794316
傷つき,0.794264
苦しん,0.793762
貧し,0.793588
殺害,0.792852
悪気,0.79186
もてあそぶ,0.791694
狂人,0.791334
悲嘆,0.791125
拷問,0.791031
死に目,0.790805
痛ましい,0.790732
平気,0.79067
食わせる,0.790524
怒り狂う,0.7904
けしかける,0.790303
撃ち殺す,0.790284
息苦しく,0.790122
忠告,0.789761
醜く,0.789416
うなされ,0.788763
見放す,0.788044
身勝手,0.787265
おびえ,0.787073
呼ばわり,0.786785
汚い,0.786135
軽はずみ,0.786027
強姦,0.785781
ねたみ,0.785437
泣き叫ぶ,0.78534
罵り,0.785309
憂さ晴らし,0.784818
呵責,0.784529
憤る,0.784243
執念深い,0.784159
陰惨,0.783793
餓死,0.783771
見捨てる,0.783609
悪行,0.783513
厚かましい,0.782949
邪悪,0.782772
よそよそしい,0.782606
聞き流し,0.782119
刺し殺し,0.781451
さいなま,0.781333
悶える,0.780419
かばっ,0.780382
咎める,0.78032
除け者,0.779892
狂気,0.778889
痛い,0.778109
衰弱,0.778068
愚弄,0.778037
悔やみ,0.777952
不憫,0.777748
過ち,0.777696
喧嘩,0.777428
無知,0.777159
処刑,0.776506
殺戮,0.776067
恐ろしく,0.775887
卑しい,0.775849
苦々しい,0.775605
孤独,0.775376
屈辱,0.775259
泣き崩れる,0.774829
襲わ,0.774429
疑り,0.774048
意固地,0.77401
酔っ払う,0.773778
寝込む,0.773777
弄ば,0.773697
トラウマ,0.773171
浮気,0.772873
事切れる,0.772774
嫌がらせ,0.772702
しまう,0.772568
脅す,0.772552
不信心,0.772246
つまらない,0.771732
信じる,0.771625
非難,0.771379
厭う,0.77086
陰湿,0.770543
冒涜,0.770239
畏れる,0.769443
強要,0.768852
浴びせかける,0.768698
うとうと,0.768559
裏切っ,0.768107
飢える,0.768062
浅はか,0.768058
罵声,0.768012
殴っ,0.767866
イジメ,0.767824
焼け死ぬ,0.76767
憎い,0.767576
言い争う,0.767443
脅し,0.76724
継母,0.766637
依怙贔屓,0.766497
反逆,0.766395
忌み嫌う,0.76634
謗り,0.765901
不正直,0.765887
虫けら,0.765498
薄汚い,0.765393
不倫,0.765115
嘲る,0.764499
決めつける,0.763893
死体,0.763888
報復,0.763453
金輪際,0.763361
無礼,0.763253
わざと,0.762808
酒浸り,0.762738
姦通,0.762728
悪事,0.762635
突き落とす,0.762615
逆恨み,0.762526
言動,0.762454
酷薄,0.762374
詰る,0.762202
凶悪,0.762032
悪鬼,0.76189
障る,0.761749
償う,0.76156
不仁,0.761452
負ける,0.761015
悲鳴,0.760617
禁断症状,0.760617
祟る,0.760607
脅さ,0.760512
思い込み,0.760043
挙句,0.759567
耐え難い,0.759383
狡猾,0.759185
末路,0.758795
不義,0.758053
ひるむ,0.757944
呪い,0.75757
悔恨,0.757516
言いよう,0.757449
捕まる,0.757196
叱る,0.756863
疎ま,0.756821
不運,0.756596
呪う,0.756444
咎め,0.756419
蔑ま,0.756179
不品行,0.756034
騙し,0.75601
腹立ち,0.755932
苦しめる,0.755766
讒言,0.755482
告げ口,0.755383
打ち明ける,0.75538
身内,0.754988
からかい,0.754785
死する,0.754479
身の上,0.754394
当てこすり,0.754086
悲痛,0.753916
見せしめ,0.75364
偏執狂,0.753623
無残,0.753335
弁解,0.753057
醜態,0.752984
鞭打つ,0.752962
暴行,0.752852
極まりない,0.75251
誹り,0.75221
厄介,0.75211
下劣,0.751581
酷く,0.751363
猜疑,0.751103
不快,0.750967
決めつけ,0.750729
絞め殺す,0.750462
放埒,0.750454
身持ち,0.750443
廃人,0.750289
絶命,0.750042
冒さ,0.750025
負い目,0.749806
怨む,0.749526
怒り狂っ,0.749369
言い立てる,0.749202
葛藤,0.749172
汚らしい,0.749117
睨みつけ,0.748995
辟易,0.748829
侮蔑,0.748819
追いやっ,0.748734
必死,0.748595
無気力,0.748574
投獄,0.74856
でっち上げる,0.748258
息巻く,0.748035
不潔,0.748
忘恩,0.747983
案ずる,0.74774
過保護,0.747739
祟り,0.747704
化け物,0.747447
歯向かう,0.74735
苦難,0.746948
自堕落,0.74678
息苦しい,0.746692
刺し殺す,0.746683
おそわ,0.74659
無様,0.746575
邪魔,0.74644
噛みつか,0.746281
疎む,0.746254
白状,0.746085
どうせ,0.745753
毒殺,0.745698
狙わ,0.745489
喰らっ,0.745373
ふしだら,0.745259
強欲,0.745129
撃た,0.745111
苦しい,0.745025
冤罪,0.745009
憐れ,0.744756
不治,0.744447
噛ま,0.744412
無慈悲,0.744346
暴虐,0.744265
晴らせ,0.744048
食らわせる,0.743846
やり返す,0.743488
暴言,0.743458
監禁,0.743409
言い放つ,0.743223
駆ら,0.743178
問いただす,0.742762
もみ消す,0.742698
果てる,0.7426
破滅,0.742223
背け,0.742083
すり減らす,0.741647
平手打ち,0.741508
苛立つ,0.741228
貶め,0.741029
不名誉,0.740859
凶行,0.740648
追剥,0.740545
思い悩む,0.740459
処罰,0.740372
怖がる,0.740084
体罰,0.739996
痛み,0.739634
優柔不断,0.738733
下品,0.738576
最期,0.738511
激痛,0.738322
言い逃れ,0.738315
剣幕,0.738158
捕まっ,0.738153
尋ねる,0.73812
踏みつける,0.738061
迷信,0.73757
死罪,0.737413
驕慢,0.737337
身ごもる,0.737279
不遜,0.73726
嫌がる,0.736871
殴る,0.736863
侮る,0.736802
無実,0.736789
行き倒れ,0.736248
倒れる,0.736208
散々,0.736145
始末,0.736029
震え上がら,0.735631
弱気,0.735414
堕ちる,0.735319
気違い,0.735224
苛立ち,0.734812
償っ,0.734676
気付く,0.734603
哀願,0.734436
自分勝手,0.73442
生臭い,0.734283
唆す,0.734158
問い詰める,0.734065
重病,0.733942
遭う,0.733883
嫌う,0.733584
誹謗,0.733449
言い訳,0.733391
嫌っ,0.73336
寝込ん,0.733061
叱咤,0.732932
物乞い,0.732273
生き埋め,0.731864
すすり泣き,0.731864
引きずり出す,0.731412
口うるさい,0.731338
執拗,0.731167
不道徳,0.731038
高ぶり,0.730994
おそろしく,0.730966
些細,0.730827
女々しい,0.73082
しまっ,0.730642
醜悪,0.730551
高慢,0.730308
逃げ回っ,0.730203
神経質,0.73012
脅迫,0.729976
呪詛,0.729866
嗚咽,0.729848
吹っかけ,0.729545
庇わ,0.729467
正気,0.729378
打ちのめさ,0.729291
溺れる,0.729276
偏見,0.729248
姦計,0.728939
苦悶,0.728937
中毒,0.728867
汚名,0.728563
過酷,0.728496
強情,0.728466
油断,0.728386
突き飛ばさ,0.728255
うめき声,0.727942
怨念,0.727822
生半可,0.727818
煩悶,0.727736
生き血,0.727586
吐い,0.727528
悪人,0.727248
陥れる,0.727191
厳しい,0.726929
口論,0.726844
さらし者,0.726777
二度と,0.726729
嫉み,0.726619
懊悩,0.726556
縛り首,0.726524
立ち直れ,0.726462
陰口,0.72643
襲う,0.726349
刑罰,0.726239
ヒステリー,0.726153
悲観,0.726072
痛める,0.72603
空腹,0.726024
やっかみ,0.725916
嘲弄,0.725909
逃げだす,0.725878
謝る,0.725771
かき消す,0.725532
凄まじい,0.725508
縋る,0.725393
女たらし,0.725371
引き下がる,0.725246
怒鳴る,0.725179
癒す,0.725079
口げんか,0.724871
妻子,0.724697
人非人,0.72459
詫びる,0.724465
何者,0.724459
赤子,0.724065
肉欲,0.724037
楯突く,0.72373
失意,0.723553
マザコン,0.723508
立腹,0.723118
不仲,0.722841
飼い慣らさ,0.72281
栄養失調,0.722729
射殺,0.722403
剥か,0.722267
患っ,0.722074
堪忍袋,0.722008
お仕置き,0.721635
見過ごせ,0.721104
身ごもり,0.720984
悪評,0.720841
加担,0.720818
追い出さ,0.720751
つるむ,0.720597
無惨,0.720534
病人,0.720521
糾弾,0.720422
闘い,0.720405
堕ち,0.72011
頓珍漢,0.720084
食う,0.719914
泥酔,0.719872
裏切る,0.719401
蛮行,0.719298
冷やかす,0.719224
こそ泥,0.71922
悪辣,0.719049
身代わり,0.719035
悟る,0.718896
自害,0.718073
不忠,0.717949
厭わ,0.717889
密通,0.71763
勘違い,0.717603
痛々しい,0.717584
愛人,0.717579
敵討ち,0.717562
言いなり,0.717509
睨ま,0.717144
殴りつける,0.716752
見下す,0.716744
不善,0.716579
嘯く,0.716464
逃げる,0.716442
最悪,0.716421
不信,0.716124
動揺,0.716036
退屈,0.716032
苛酷,0.716014
食い物,0.715868
色好み,0.71577
踏みにじる,0.715743
困窮,0.71572
患わ,0.715636
心労,0.715533
蔑視,0.715482
まとも,0.715218
申し訳,0.715072
いたぶる,0.715031
斬首,0.715007
病死,0.714798
逃れる,0.714776
殺し合い,0.714503
蝕ま,0.714429
食らう,0.714372
勿体ない,0.714019
悪政,0.714009
放蕩,0.713953
愚行,0.713934
窒息,0.713833
疫病,0.713755
人事不省,0.713569
とっとと,0.713421
身重,0.713396
耄碌,0.713194
命取り,0.713131
ネグレクト,0.713126
怨み,0.712549
病む,0.712546
妬む,0.712358
蔑む,0.712352
過っ,0.712228
敵意,0.711715
蹴飛ばす,0.711621
死人,0.711255
煩わせる,0.711096
部下,0.711069
縛り上げ,0.711038
治る,0.710978
疑わ,0.710877
嘆息,0.710859
憤っ,0.710768
心ならずも,0.710732
鬱憤,0.710573
詰問,0.710559
無理強い,0.710542
死に絶える,0.710392
いらだち,0.71017
不遇,0.710029
怨嗟,0.709888
心無い,0.709831
からかう,0.709618
悪夢,0.709453
皮肉,0.709354
ノイローゼ,0.709307
危険,0.709227
呼ばわる,0.709225
アル中,0.709157
あくどい,0.709043
背く,0.709
挑発,0.708891
訝る,0.708758
うわ言,0.708714
虚勢,0.708693
噛みつき,0.708682
不徳,0.708411
大っぴら,0.708404
穢れ,0.708395
どん底,0.708096
暴政,0.707963
激高,0.707878
死骸,0.707813
取っ組み合い,0.707812
捕らわれ,0.707688
悪徳,0.707496
言いがかり,0.707416
蝕ん,0.707387
齧る,0.707356
黙る,0.706982
突き飛ばし,0.706886
負け犬,0.706857
逃亡,0.706791
撃っ,0.706379
抑圧,0.70633
淫蕩,0.706267
飲まさ,0.706015
陰険,0.705872
漏らし,0.705759
もがき,0.705663
叫び,0.705526
えげつない,0.705459
吐く,0.705406
圧政,0.705378
馬鹿馬鹿しい,0.705121
気づく,0.705015
重傷,0.704931
蹴ら,0.704801
怖じ,0.704779
擦り付ける,0.704737
いやがらせ,0.704711
慢心,0.70463
吐瀉,0.704456
極刑,0.704184
やつれ,0.704121
晴らす,0.704053
流血,0.703958
無感覚,0.703897
亡くなっ,0.703725
突き落とさ,0.703637
密告,0.703472
妾,0.70339
張本人,0.70333
加害,0.703252
突き通す,0.703244
とうとう,0.70323
貧苦,0.703148
あばた,0.703073
悪態,0.702941
不味い,0.702791
連れ去ら,0.702413
根絶やし,0.702129
贖う,0.702097
治す,0.702069
告発,0.701889
策略,0.701798
騙す,0.701734
手ひどい,0.701727
壮絶,0.701722
済まない,0.701581
物狂い,0.701552
死刑,0.701379
性欲,0.701358
レッテル,0.70128
憤激,0.701278
持病,0.701252
患う,0.701237
思い返す,0.701074
身寄り,0.70097
ののしり,0.700897
厳罰,0.700827
吹き出物,0.700733
辛辣,0.700729
乱行,0.700689
流産,0.700654
亡霊,0.700576
生贄,0.700395
慮り,0.700128
痩せ,0.700073
党派心,0.699796
誘拐,0.699748
償い,0.699025
手下,0.698994
病的,0.698981
巻き添え,0.698919
蔓延,0.698832
粗略,0.698752
見放さ,0.69842
負け惜しみ,0.698412
深酒,0.698354
果て,0.698302
自慰,0.698125
あからさま,0.698121
夜尿症,0.697805
明かす,0.697725
不衛生,0.697696
人さらい,0.69767
貧窮,0.697667
抹殺,0.697426
災厄,0.697293
不誠実,0.69721
打擲,0.697209
害悪,0.697187
困苦,0.696859
苦渋,0.696779
いさかい,0.696464
愚劣,0.696452
無力,0.696407
病み,0.696211
かえって,0.695979
縛りつけ,0.695905
略奪,0.695792
拒食,0.695729
不調法,0.695719
餌食,0.695671
吐き気,0.695521
早死,0.695508
惨状,0.695249
足蹴,0.695239
置き去り,0.69523
狼狽,0.695038
災い,0.694864
ためらう,0.69483
前科,0.694811
襲いかかっ,0.694764
床入り,0.694536
悪戯,0.694518
虐殺,0.694508
盲目,0.694426
仮死,0.694415
飢餓,0.694259
ひた隠し,0.694152
乳飲み子,0.69402
罵詈,0.694
蹂躙,0.693942
犯罪,0.693876
殴打,0.69378
同性愛,0.693685
弄ぶ,0.693514
ほったらかし,0.693472
露見,0.693468
同然,0.69345
雪ぐ,0.693403
汚し,0.69327
非行,0.693216
凍りつき,0.693208
行為,0.693027
血まみれ,0.692934
誤解,0.69288
討た,0.692794
放り込ま,0.692721
お払い箱,0.692661
過食,0.692618
悪罵,0.692002
虚言,0.691878
しょっちゅう,0.691864
卑小,0.691704
態度,0.69167
囚われ,0.691386
あげく,0.691386
未遂,0.691167
情交,0.69116
悲哀,0.690886
窮地,0.690862
疎外,0.690776
諍い,0.690722
傷心,0.690609
怨霊,0.690565
貪っ,0.690548
負け戦,0.690488
元凶,0.690353
背信,0.69033
心痛,0.69029
無理矢理,0.690269
引きずり込む,0.690238
暴れる,0.690235
破廉恥,0.690199
疑っ,0.690108
雑言,0.689873
憤怒,0.689764
紛らわす,0.689709
寝る,0.689679
ストレス,0.689617
姦婦,0.689558
拒絶,0.689314
連行,0.689155
痛烈,0.68903
はびこる,0.688745
落ち度,0.688722
さっさと,0.688233
性交,0.68817
世話,0.687894
不可解,0.687733
遭わ,0.687678
殺生,0.687675
脱走,0.687647
暴食,0.687471
敵視,0.687469
不作法,0.687413
斬っ,0.687361
昏倒,0.68703
襲いかかり,0.686959
突っぱねる,0.686941
堕胎,0.686909
蛇蝎,0.686758
害し,0.686711
宣告,0.686692
宿命,0.686671
焼き捨てる,0.686666
殺人,0.686647
他言,0.686639
おそれ,0.68663
噛み付い,0.686555
無関心,0.686228
落命,0.686177
追い出す,0.685961
追いつめる,0.685871
つけ込む,0.685835
突然,0.685831
火刑,0.685819
尻軽,0.685817
逆賊,0.685794
省み,0.685757
腋臭,0.685609
連れ込ん,0.685591
踏みにじっ,0.685484
私怨,0.685459
劣等,0.685453
汚す,0.685426
やり口,0.685359
顧み,0.685255
口走る,0.685174
暴露,0.685063
ひどかっ,0.685028
不意打ち,0.685
セクハラ,0.684715
寝言,0.684657
逆境,0.684623
振り払う,0.684526
寝たきり,0.684465
入れ知恵,0.684342
逃がし,0.684248
謀反,0.684166
生々しく,0.684131
逃避,0.683984
恐怖症,0.683969
いら立ち,0.683685
血塗れ,0.683472
ひるん,0.683439
悪ふざけ,0.683425
痛罵,0.683387
下剤,0.683369
たたきつけ,0.68331
蛆虫,0.68328
返り討ち,0.683204
酔っ払い,0.683079
ホームシック,0.682987
異母,0.68294
痴態,0.68292
言い争い,0.682892
不和,0.682842
駆け落ち,0.682808
連れ出し,0.682741
気まずい,0.682672
危害,0.682562
拒む,0.682499
軽率,0.682338
ごまかし,0.682329
召使,0.682239
近親,0.68196
横柄,0.681938
重罪,0.681655
逃げ出さ,0.681627
逃げ帰り,0.68152
不条理,0.68143
無我夢中,0.681242
火傷,0.681171
早漏,0.681158
間抜け,0.680992
災難,0.680988
害する,0.680986
我侭,0.680887
家探し,0.680886
生き残っ,0.680796
絞首刑,0.680742
踏み外し,0.680422
看守,0.680398
痛む,0.680383
吐露,0.680379
有様,0.680348
愚鈍,0.680231
陰鬱,0.680199
負わ,0.679951
追い詰める,0.679724
失明,0.67963
淫売,0.679603
怨恨,0.679576
姦淫,0.679551
愚痴る,0.679514
悩ましい,0.679468
悪意,0.679184
娼婦,0.679121
ヒステリック,0.679063
蔑ろ,0.67904
暴か,0.679005
失態,0.678952
深刻,0.678942
厳しく,0.678891
切りつける,0.678822
エスカレート,0.678775
罠,0.678771
降参,0.678763
焼け落ちる,0.678715
同衾,0.678544
腐敗,0.678494
轢か,0.678384
無理やり,0.67838
却って,0.678279
服従,0.678248
囚人,0.678105
立ち去る,0.677818
追っ手,0.677732
逃げ惑う,0.677631
揚句,0.677469
道連れ,0.677346
けんもほろろ,0.677252
怯む,0.677237
落ちる,0.677208
板挟み,0.677188
幻聴,0.677146
根深く,0.677142
切り刻ま,0.677138
言い返し,0.676997
押さえつけ,0.67694
誓言,0.676722
頑固,0.676254
喰わ,0.676135
回し者,0.676131
死亡,0.676068
陵辱,0.675965
嘔吐,0.675863
遭っ,0.675828
天罰,0.675616
噛み付き,0.675296
さらけ出す,0.675278
追い剥ぎ,0.675179
マスターベーション,0.675114
私曲,0.675069
捕虜,0.675048
生き延びる,0.675003
暴君,0.674671
落とし前,0.674584
断る,0.674358
虚脱,0.67435
疑念,0.674304
倒錯,0.674155
見境,0.674145
なくなら,0.674117
盗癖,0.673944
切腹,0.673926
屈従,0.673698
搾取,0.673613
病魔,0.673589
自白,0.673518
洗脳,0.673461
家出,0.67335
やらかす,0.673246
偽り,0.673173
追わ,0.672994
勘当,0.672905
危篤,0.672858
壊疽,0.672825
寝不足,0.672704
極度,0.672621
耽る,0.672487
いざこざ,0.672311
傷口,0.672291
憂える,0.672187
暴挙,0.671872
逆らう,0.671869
刺す,0.671691
仲たがい,0.671662
犠牲,0.671623
疑う,0.671611
怪訝,0.671582
大病,0.671571
妄言,0.671495
手ぬるい,0.671333
筋合い,0.670732
恥知らず,0.670671
放免,0.670666
暴飲,0.670468
去ら,0.670452
さんざん,0.670422
薄幸,0.670377
震える,0.670289
処し,0.670214
有罪,0.670194
一命,0.670075
無抵抗,0.67002
僭越,0.669984
牢死,0.66996
諦観,0.669929
棄てる,0.669859
連れ去り,0.669744
むりやり,0.66952
獰猛,0.669417
必定,0.669276
下っ端,0.669187
手傷,0.669101
淫ら,0.668968
蝕む,0.668933
扇動,0.66889
牢屋,0.668881
絞殺,0.668829
昏睡,0.66879
ヤケ,0.668777
生首,0.668769
運命,0.668709
動け,0.668606
ぞんざい,0.668542
無作法,0.668429
産み落とし,0.66837
不届き,0.668237
手遅れ,0.668203
酷評,0.668094
憑,0.668044
怠慢,0.667985
闘っ,0.667627
不浄,0.667543
悪業,0.667522
政敵,0.667477
背い,0.667398
試練,0.667288
忍び寄っ,0.667173
疲弊,0.666979
重圧,0.666846
ばれる,0.666747
断末魔,0.666381
昂奮,0.666342
罪科,0.666187
幽閉,0.666054
つぶる,0.666045
板ばさみ,0.665832
抜け毛,0.665807
無勢,0.665788
唆し,0.665623
マゾヒスト,0.665612
詮索,0.665461
粗野,0.665433
剥い,0.665377
仕方,0.665138
私刑,0.665068
策謀,0.665024
突きつけ,0.664982
呪わ,0.664903
回りくどい,0.664854
弾圧,0.664792
言わさ,0.664562
つわり,0.664522
憤死,0.664451
振りかざす,0.66441
露骨,0.664373
情婦,0.664366
収監,0.664352
退廃,0.6641
反感,0.663984
不摂生,0.663952
即死,0.663931
ただれ,0.663925
シゴキ,0.663921
耽溺,0.663882
制止,0.663847
陰気,0.663822
ケロイド,0.663819
悪党,0.66377
ばらす,0.663764
冷や汗,0.663764
堪え,0.663684
早婚,0.663597
癒える,0.663556
打ちのめす,0.663412
追及,0.663377
悪臭,0.66335
危うく,0.663088
逆臣,0.663073
仇敵,0.663032
躁鬱病,0.662932
軽侮,0.662862
まき散らす,0.662769
言い合い,0.6627
激越,0.662691
身震い,0.662667
嫉視,0.662634
余計,0.662585
血なまぐさい,0.662459
奸計,0.662388
常習,0.662316
苦境,0.662068
追い出し,0.661918
真相,0.661853
書きたて,0.66174
無益,0.661714
迷惑,0.661641
うどん粉,0.661616
克つ,0.661615
忌む,0.66159
晒す,0.661524
立回り,0.66145
粗末,0.6613
無意味,0.661245
凌辱,0.661198
間違い,0.660961
放り出す,0.660947
虚ろ,0.660822
剃ら,0.66054
難詰,0.660497
根深い,0.660234
下腹部,0.660227
手淫,0.660205
プレッシャー,0.660044
烙印,0.659916
後遺症,0.659666
袋叩き,0.659641
思い違い,0.659575
獄中,0.659553
襲っ,0.659519
失政,0.659398
失神,0.659337
出奔,0.659298
悪霊,0.659286
裁く,0.659181
不妊,0.659154
閉じ込め,0.659144
まつわる,0.659109
漏らす,0.659083
仕組ん,0.659043
蒸し返さ,0.659041
臥す,0.658943
守銭奴,0.658916
引きずっ,0.658805
犯人,0.658778
貶める,0.658718
狩り,0.658528
出くわす,0.658496
仕向ける,0.658425
殴り合い,0.658414
押し倒す,0.658257
煮えたぎる,0.658189
おしまい,0.658059
嘲笑う,0.657796
無法者,0.657765
蔓延る,0.657722
焦げる,0.657494
追い返し,0.657424
召使い,0.657222
無情,0.65719
素っ裸,0.657052
怪しむ,0.657018
大罪,0.656954
滅びる,0.656826
原因,0.656819
失踪,0.656767
大げさ,0.656715
幽霊,0.656706
挙げ句,0.656705
険悪,0.65661
性行為,0.656575
物騒,0.656516
仲違い,0.656481
生ぬるい,0.65645
紅潮,0.656442
毒気,0.656369
不謹慎,0.65627
闘わ,0.656243
粛清,0.656225
刺さり,0.655968
窮乏,0.655956
悪質,0.655923
血腥い,0.655892
同罪,0.655888
抱く,0.655888
生け贄,0.655828
晒し,0.655716
フラストレーション,0.655703
家来,0.655673
たかる,0.655458
血の気,0.655441
詫び,0.655353
錯乱,0.655327
強盗,0.655326
疑心,0.655317
赤貧,0.655022
暗殺,0.654918
逮捕,0.6549
スケープゴート,0.654839
無謀,0.65464
直る,0.654636
陰謀,0.654541
弱み,0.654365
捕らわれる,0.654246
裁き,0.654197
腐れ,0.654014
喉笛,0.653765
潰さ,0.653689
まがい物,0.653676
尊大,0.653427
生死,0.653168
敵対,0.653096
離れ離れ,0.653092
しっぺ返し,0.6528
偽者,0.652779
見破ら,0.652727
体臭,0.652525
手心,0.652281
不満,0.652272
追い払う,0.652252
獣性,0.652206
不注意,0.652162
臥せる,0.652035
叫び声,0.651903
企み,0.651824
さ迷う,0.651796
牢獄,0.65176
猟奇,0.651581
貪欲,0.65157
不心得,0.651502
追放,0.65133
ためらわ,0.651171
発病,0.65116
常習犯,0.651095
暴き出す,0.651006
食らい,0.650956
辞める,0.650902
胸ぐら,0.650837
弾劾,0.650796
妊娠,0.65055
さらす,0.650517
不当,0.650505
自滅,0.65046
腐る,0.650338
屈服,0.650051
従僕,0.649952
糞,0.649805
博打,0.649707
追い払っ,0.649675
人質,0.649612
不合理,0.649611
引き裂か,0.649369
苦役,0.649332
強迫,0.649133
無罪,0.649109
追いやる,0.649095
面前,0.649023
水の泡,0.648935
当惑,0.648922
引っ掻く,0.648832
逃げまどう,0.648795
非礼,0.648721
開けっ放し,0.648569
売春,0.64856
収奪,0.648486
共犯,0.648401
噛みつく,0.64821
苦い,0.648139
溺死,0.648114
断罪,0.648099
下痢,0.648015
口止め,0.647925
乞食,0.647874
不敬,0.647738
忌避,0.647703
悪阻,0.64769
悪巧み,0.647651
事実無根,0.647505
痛手,0.64746
低劣,0.647398
厄払い,0.647364
投げ捨て,0.647331
相討ち,0.647227
剥く,0.64706
巣くう,0.646913
軽視,0.646751
逝く,0.646692
無意識,0.646594
結末,0.646587
隠す,0.646454
無分別,0.646397
嫌疑,0.646306
敗北,0.646291
威嚇,0.646
飢饉,0.645932
陥る,0.645864
取り締まら,0.645767
上司,0.645753
のしかかる,0.645729
にらみ合う,0.645727
血相,0.645615
ふるう,0.645522
凡俗,0.645324
ズタズタ,0.645031
青二才,0.64502
巻き込ま,0.644978
余罪,0.644966
知らせ,0.644956
立ち向かう,0.64489
弱腰,0.644698
教唆,0.644638
誤っ,0.644596
恫喝,0.644501
バッシング,0.64449
卒倒,0.644411
異教徒,0.644404
奇病,0.644304
去勢,0.644243
撃つ,0.644177
私生児,0.644142
増長,0.644136
拉致,0.64404
不健康,0.644017
投げつける,0.643874
梅毒,0.643669
批難,0.643616
冷笑,0.643598
食らっ,0.643572
弱い,0.643554
頭痛,0.643375
侵さ,0.643266
明白,0.643249
タブー,0.643165
遺恨,0.643049
立ち直る,0.643046
売国奴,0.643044
悪感情,0.64302
剥ぐ,0.643004
畸形,0.642935
野卑,0.642867
深手,0.642783
酒飲み,0.642759
行状,0.642682
蔑称,0.642623
迷う,0.64258
半身不随,0.64233
とばっちり,0.642227
ショック,0.642145
切り傷,0.642003
そそくさ,0.641944
はけ口,0.641906
ついに,0.64188
日に日に,0.641827
差し金,0.641774
言い寄る,0.641735
獄死,0.641672
罹患,0.641558
汚辱,0.641415
弁明,0.641393
譫妄,0.6413
窮状,0.641224
妄想,0.641213
劣悪,0.6412
羽目,0.64103
悪寒,0.641022
酷使,0.640905
姑息,0.640706
確執,0.64069
大目玉,0.640642
暴徒,0.640568
逆鱗,0.640543
寝返る,0.640517
拘留,0.640422
逃げ込ん,0.64039
甚だしい,0.640271
インポテンツ,0.640249
主人,0.640129
腐乱,0.64003
狂犬,0.640004
悪逆,0.639914
重罰,0.639913
醜聞,0.639856
よこしま,0.639815
勇猛,0.639759
犯行,0.639759
罹る,0.639733
弱り,0.639689
飲み込ん,0.639646
尋問,0.639623
致命,0.639521
切り裂い,0.639305
盗賊,0.639183
脅かさ,0.639165
性器,0.639103
不公平,0.639099
謝罪,0.638889
虜囚,0.638876
怪我,0.638847
長引か,0.63878
自責,0.638744
離婚,0.63852
問い質す,0.638518
捕える,0.638507
冷血,0.638406
放心,0.638243
怠れ,0.638198
逃げ場,0.638167
畜生,0.638144
姦夫,0.637984
煽る,0.63787
親戚,0.637868
飲酒,0.637775
賄賂,0.637646
無能力,0.637623
ホモセクシュアル,0.63758
洗う,0.637562
縛り付け,0.637297
搾り取る,0.637246
朦朧,0.637199
スタンドプレー,0.637165
生き残る,0.637138
偏執,0.637013
借金,0.636961
晒さ,0.636568
リンチ,0.636515
荷担,0.636441
浴びせる,0.636412
あらわ,0.636352
腫れ物,0.636297
ブーイング,0.63625
地べた,0.636248
亡くなり,0.636045
押し倒さ,0.636019
障り,0.635971
狼藉,0.635878
仕業,0.635824
吐血,0.635781
別居,0.635617
吐き出す,0.635486
辛苦,0.635451
傷跡,0.635412
駆り立て,0.635402
シャブ,0.635339
追いはぎ,0.635298
極悪,0.635229
免れる,0.635227
後々,0.635196
強いる,0.635189
離縁,0.635188
ホモセクシャル,0.635143
臥し,0.63512
暗示,0.635113
血気,0.634966
血みどろ,0.634924
生きのびる,0.63487
オナニー,0.634858
肺病,0.634761
腫れる,0.634546
むざむざ,0.63452
釈明,0.634478
難癖,0.634329
黒ん坊,0.634122
寝返っ,0.634058
凍死,0.633882
幻覚,0.633865
釈放,0.633716
手荒,0.633582
振るう,0.633508
頑迷,0.633483
直面,0.633451
天敵,0.633333
狩ら,0.633315
見過ごす,0.633171
伴侶,0.632997
弱る,0.632972
追いかける,0.63289
悪魔,0.632887
マゾヒズム,0.632785
付け届け,0.632567
首謀,0.632412
魔物,0.63238
取り調べ,0.632335
座り込む,0.632297
さらさ,0.632231
激しい,0.632229
見逃す,0.632144
グロッキー,0.632074
負っ,0.632
ニヒリズム,0.631987
地獄,0.631921
物陰,0.631798
刺さっ,0.631766
バクチ,0.631661
懲罰,0.631521
途方,0.631488
顔色,0.631488
別れ話,0.631372
腰抜け,0.631363
兵士,0.631342
ごまかす,0.631297
閉ざし,0.631288
噛み付く,0.631126
過重,0.631116
悪習,0.631112
一睡,0.631054
げっぷ,0.630952
故意,0.630876
捨て去る,0.630767
殺意,0.630699
精根,0.63041
背教,0.630387
襲撃,0.630264
雇い主,0.630259
日射病,0.630183
生々しい,0.630165
亡骸,0.63016
下賎,0.629985
重度,0.629861
退散,0.629818
襲い,0.629738
さまよい,0.629593
謀略,0.62959
煩い,0.629536
ケガ,0.629485
不慮,0.628811
メッタ,0.628763
うろつく,0.628738
でっちあげ,0.628682
亡者,0.628678
死因,0.628396
討っ,0.62832
激しく,0.628225
念慮,0.628223
手痛い,0.628198
従者,0.628183
食いつく,0.627984
たたっ,0.627832
さらし,0.62774
決闘,0.627733
強烈,0.627682
応報,0.627643
産褥,0.627529
嬰児,0.627407
煩わさ,0.627382
卑猥,0.62728
亡くなる,0.627251
反乱,0.627064
宦官,0.627004
外傷,0.627001
侵略,0.626974
下男,0.626908
淫猥,0.626741
免罪,0.626718
簒奪,0.626529
過激,0.626486
漢奸,0.626396
あざ笑う,0.626284
好色,0.626242
離別,0.626236
引き起こす,0.626227
口実,0.626046
病状,0.62596
封ずる,0.625835
和らぐ,0.62581
絶食,0.625806
投降,0.625582
やむを得ず,0.625375
洗い落とす,0.625342
野放し,0.625307
極貧,0.624951
みすぼらしい,0.624841
了見,0.624793
不穏,0.62465
遭遇,0.624586
倒さ,0.624526
肥満,0.624348
廃嫡,0.624243
遠ざける,0.624141
銃撃,0.624129
即刻,0.623785
患い,0.623765
追い払わ,0.623744
下衆,0.623641
潜ん,0.623624
零落,0.623513
リューマチ,0.623394
奪っ,0.62332
無視,0.623291
刺客,0.623286
荒らす,0.623154
荒らさ,0.623041
曝す,0.623035
気狂い,0.622951
共謀,0.622769
癩病,0.622733
悪あがき,0.622713
死産,0.622643
重大,0.622606
腹痛,0.622501
踏み倒し,0.62244
インチキ,0.622326
いわれ,0.62226
暗鬱,0.622245
屈せ,0.622232
かんきん,0.622164
神経症,0.622009
風邪,0.621993
出鱈目,0.621856
言い渡さ,0.621826
滅する,0.62175
過労,0.621674
躊躇う,0.621659
過失,0.621632
あえぐ,0.621244
捕らえる,0.62099
批判,0.620963
横行,0.620951
辞さ,0.620948
吸血,0.620886
警告,0.620772
逃走,0.620713
天意,0.620682
親族,0.620681
譴責,0.620652
止める,0.620554
失禁,0.620443
腫物,0.620207
咳,0.620042
傲岸,0.619797
鼾,0.61978
踏みとどまる,0.619776
日照り,0.619648
黒幕,0.619609
恩赦,0.619489
焦燥,0.619412
瀉血,0.619397
不自然,0.619384
取調べ,0.619306
絞める,0.619076
余所者,0.619069
夢遊病,0.619021
敵愾心,0.618955
疑い,0.618893
全滅,0.618881
服役,0.618853
洗い流す,0.618297
国賊,0.61828
足止め,0.618181
反論,0.618015
恐喝,0.617995
閉じこもる,0.617954
吸い込む,0.617945
脅かす,0.617838
詰め寄る,0.61783
観念,0.617792
凄絶,0.617789
落ちれ,0.617743
異常,0.617545
精神病,0.61741
低俗,0.617232
きびしい,0.616987
沙汰,0.616974
抜け出せ,0.616798
毒牙,0.616653
浪費,0.616617
猥褻,0.61657
些末,0.616512
轢く,0.616477
助長,0.616467
ホームレス,0.616455
奸,0.61645
ニガー,0.616445
退治,0.616435
有毒,0.616212
喘息,0.616205
拘禁,0.615993
ヘロイン,0.615842
成仏,0.615839
群がる,0.615809
魂胆,0.615781
売人,0.615714
伝染,0.615672
揉み合い,0.615625
素行,0.61557
暴漢,0.61551
遠ざけ,0.615465
自供,0.615438
別離,0.61539
抗う,0.615384
拒ん,0.615089
チフス,0.615004
ジェノサイド,0.61476
暮す,0.614697
夢精,0.614672
凍傷,0.614626
投げ込ま,0.614553
行かさ,0.614541
押し入る,0.614489
遂に,0.61436
禁忌,0.614355
押しつぶさ,0.614283
追い込ま,0.614267
取り立て,0.61421
因習,0.614185
もうろう,0.614139
目眩,0.61398
重婚,0.613822
よそ者,0.613808
懲役,0.61378
山賊,0.613773
辛酸,0.613759
妄語,0.613749
鼻息,0.613495
悩まさ,0.613469
失笑,0.613438
泥沼,0.61339
ぶつける,0.61319
打ち倒す,0.613109
引き離さ,0.612995
首枷,0.612947
戦わ,0.612842
のしかかり,0.612664
ひっくり返さ,0.612428
やけくそ,0.612355
悪漢,0.612305
交合,0.612171
発作,0.612168
創痍,0.612116
突か,0.612109
悩ます,0.61205
凡庸,0.61185
催淫,0.611721
惨劇,0.611719
謀る,0.611681
下僕,0.611667
汚点,0.611667
悪風,0.611359
盗作,0.61134
スキャンダル,0.611219
不利益,0.611207
公然,0.61119
直視,0.611179
打ち勝つ,0.611104
取り返し,0.611019
因縁,0.610938
やり過ごし,0.610937
惨害,0.610936
寸前,0.610903
重症,0.610838
横領,0.610614
破局,0.610431
全裸,0.610424
立たさ,0.610422
下働き,0.610041
死者,0.609843
変死,0.609792
貧困,0.609781
どのみち,0.609652
独房,0.609568
煽動,0.609516
目まい,0.609492
刃傷,0.609463
共寝,0.609415
逃げ込む,0.609239
異端,0.609199
奴婢,0.609124
潰す,0.609083
走らさ,0.608979
付きまとう,0.608947
遺体,0.60894
男色,0.608778
毒薬,0.608764
従わ,0.608757
やけど,0.608725
余命,0.608689
食べる,0.608686
平癒,0.608646
放火,0.608488
揺れ動く,0.608225
オーバーワーク,0.608175
他界,0.608011
他界,0.608011
引き起こし,0.607997
つきまとい,0.607989
刺さる,0.607957
内臓,0.607941
妊婦,0.607778
重い,0.607683
誤魔化し,0.607666
重く,0.60761
無策,0.607377
投薬,0.607343
脱ぐ,0.607226
暴く,0.607077
無用,0.606934
奇形,0.606913
痺れ,0.606908
計略,0.606902
抜け落ちる,0.606561
屠る,0.606519
見限っ,0.606394
切り落とす,0.606382
悪神,0.606371
ぼさぼさ,0.60637
走狗,0.606315
憂慮,0.606292
断固たる,0.606253
大勢,0.606191
異分子,0.606079
送還,0.606018
やっかい,0.606018
告訴,0.605949
蟻酸,0.605795
群れる,0.605768
もみ消し,0.605763
道づれ,0.60554
咬む,0.605475
窃盗,0.605457
解毒,0.605454
断食,0.605209
仮病,0.605195
連れ込ま,0.605136
不利,0.605113
薄っぺら,0.605109
素手,0.605079
災禍,0.604916
崩れ落ちる,0.604899
突き刺さり,0.604885
出来事,0.604791
身動き,0.60478
ろくでなし,0.604695
立ち塞がる,0.604562
仮象,0.604558
近付か,0.604372
不用意,0.604372
パワハラ,0.604329
スカー,0.604225
はがさ,0.604076
二枚舌,0.603749
浮浪,0.603675
止む,0.603644
制裁,0.603585
脅威,0.603492
たたり,0.603422
重荷,0.603342
疑惑,0.603337
離反,0.603335
もはや,0.603182
あおる,0.60309
所為,0.603045
共食い,0.602998
親類,0.602924
つきつけ,0.602828
かたくな,0.602802
致死,0.602669
閉じこもっ,0.602535
凍りつく,0.602317
追い込ん,0.602301
脅かし,0.60205
訴え,0.601918
胃痛,0.601826
柔弱,0.601822
喰う,0.601738
皮膚,0.601643
目の敵,0.601586
凶事,0.601584
大赦,0.601567
いびき,0.601549
無為,0.601532
シラミ,0.601387
老廃,0.60136
首切り,0.601045
弁護,0.600888
主君,0.600766
逆心,0.600751
謀叛,0.600495
和らげる,0.600387
正当,0.600281
肺結核,0.60028
やり過ごす,0.60021
蒸し返し,0.60019
狂乱,0.600012
起こる,0.599782
押し入り,0.59975
軽犯罪,0.599662
凍りつい,0.599612
快癒,0.599451
不穏当,0.59938
陰部,0.599266
免職,0.599233
不眠症,0.599219
敵対心,0.599179
引きずる,0.59899
家畜,0.598958
取り押さえ,0.598902
物議,0.598718
揉め事,0.598419
酷かっ,0.598266
伏せる,0.598259
化す,0.598252
突き刺す,0.597964
虚偽,0.59795
触る,0.597781
まん延,0.597653
一顧,0.597599
屈する,0.597582
治まら,0.597494
ダメージ,0.597413
脱獄,0.597306
抑留,0.597268
縛る,0.59711
怒号,0.597085
淫行,0.596977
押し入れ,0.596952
差し障り,0.596876
暴い,0.596874
奴隷,0.59681
忍び寄る,0.596785
貧民,0.596705
どうにか,0.596539
巣食う,0.596539
的外れ,0.596536
摘示,0.596456
風刺,0.596456
空しく,0.596294
傷痕,0.596282
無法,0.59618
嘘つき,0.596092
さまよう,0.596037
払わさ,0.595848
黒死病,0.595824
初夜,0.595704
けが,0.595699
赤痢,0.595655
閉ざす,0.595577
削が,0.595368
転嫁,0.595311
追いやり,0.595309
決め込む,0.595259
眷族,0.595189
欺罔,0.595114
俗悪,0.595038
禁固,0.595025
落とさ,0.594961
住処,0.594913
家族,0.594879
投げ付ける,0.594713
断頭,0.594621
護送,0.59461
崩ずる,0.594598
防げ,0.594378
天災,0.594293
企てる,0.594288
悪化,0.594174
ささい,0.593969
徹底的,0.593889
血塗ら,0.593861
後ずさり,0.59367
靴墨,0.593614
没落,0.593519
傷害,0.593434
いかさま,0.59336
水虫,0.593327
絶つ,0.593321
戦っ,0.593278
推知,0.593239
ふらつく,0.593203
緘口,0.59305
内通,0.592943
切り刻む,0.592582
申し渡す,0.592504
もめ事,0.592379
歩か,0.592206
刑務所,0.592183
さまよっ,0.59218
暴動,0.59215
再犯,0.592119
急死,0.592074
唸り,0.591932
使い物,0.591898
締めつけ,0.591892
陥っ,0.591852
軟禁,0.591809
追い込む,0.591802
荒らし,0.591706
被告,0.591684
狷介,0.591567
洗い流し,0.591517
まき散らし,0.591512
戦乱,0.591463
失う,0.591375
大逆,0.591332
近寄る,0.591193
蒸し暑,0.591115
反目,0.590949
デマ,0.590931
断わる,0.590837
言い渡す,0.590773
左遷,0.590537
燃やさ,0.590499
古傷,0.59037
肩入れ,0.590232
騒ぎ,0.590211
尊属,0.590075
邪気,0.590033
峻烈,0.589994
風当たり,0.589623
壊血病,0.589621
屈し,0.589558
頑として,0.589456
爆死,0.589408
改易,0.589308
同棲,0.589297
出血,0.589259
寄生,0.589044
指弾,0.589017
失墜,0.588942
屍骸,0.588812
明るみ,0.588577
あわさ,0.588545
ことごとく,0.5885
形相,0.588338
追いやら,0.588317
パニック,0.588155
起きる,0.587896
切り裂き,0.587603
ストーカー,0.587564
異臭,0.587436
注射,0.587384
汚職,0.587126
狂う,0.587042
凍り付い,0.587021
容疑,0.587005
名指し,0.586978
あばら骨,0.586923
独裁,0.586765
染める,0.586602
吹き飛ばさ,0.586562
微罪,0.586542
困憊,0.586538
唾液,0.586469
拒否,0.586329
引き起こさ,0.586291
感電,0.586059
不覚,0.586043
肋膜,0.585878
化膿,0.585857
破門,0.585776
改宗,0.585535
へま,0.585511
裁判,0.585451
睾丸,0.585439
重苦しい,0.585257
墓穴,0.584853
嫌忌,0.584773
潰し,0.584744
成敗,0.584711
否認,0.584677
越権,0.584633
大立ち回り,0.584623
無援,0.584616
落とし穴,0.584601
異変,0.584589
ならず者,0.584497
咬傷,0.584484
承服,0.584448
壊れる,0.584443
死傷,0.584353
叩き付ける,0.584332
匕首,0.584272
吹っ飛ぶ,0.58418
不法,0.58417
腹心,0.584162
こもる,0.584089
射つ,0.584054
街娼,0.58399
戦争,0.58398
痙攣,0.583956
奮戦,0.583945
きわまり,0.583612
心臓,0.583578
側室,0.583486
法外,0.583329
ごり押し,0.583236
破壊,0.58323
テロリスト,0.583148
有り様,0.583118
凶徒,0.582944
痔核,0.58237
放逐,0.582304
治癒,0.582203
ハラスメント,0.582122
詰まる,0.58204
折ら,0.58191
彷徨,0.581903
因襲,0.581821
ビーンボール,0.581746
余りに,0.581673
勾引,0.581551
妨害,0.581537
検死,0.581534
下郎,0.581373
麻薬,0.581356
火中,0.581128
死神,0.581031
風土病,0.58101
情事,0.580895
長引け,0.580819
遭い,0.580685
訴追,0.580678
突け,0.580643
内乱,0.580588
軋轢,0.580522
滅ぼし,0.580513
懐妊,0.580417
過剰,0.58041
薬物,0.58033
密売,0.5802
むやみ,0.580019
招く,0.579974
貧富,0.579958
極まる,0.57985
別件,0.579798
多血,0.579737
高熱,0.57972
浮腫,0.579612
睡眠薬,0.579471
無期,0.579456
反旗,0.579395
弔う,0.579286
うつぶせ,0.579216
身柄,0.579056
鬼神,0.578974
打ち捨て,0.578906
風前,0.578877
疎遠,0.578797
立ちふさがる,0.578788
もみ合い,0.5787
断定,0.578591
過度,0.578561
シンナー,0.578449
揉む,0.578415
不随,0.578333
でたらめ,0.5783
寝返り,0.578224
罷免,0.578178
不眠,0.57808
取り除く,0.578073
焦がす,0.578066
スターリニスト,0.578046
差し出す,0.578002
翻す,0.577983
空虚,0.577902
済ん,0.577874
ほのめかす,0.577863
痰,0.577571
性病,0.57751
撃ち抜き,0.577469
抗っ,0.577383
首斬り,0.577286
ほとぼり,0.577256
冒す,0.577244
右目,0.577203
閉じこもり,0.5772
故殺,0.577128
逃げ道,0.577103
村八分,0.577
守る,0.576955
入院,0.576937
喉元,0.576906
極端,0.576816
踏ん張る,0.576674
見舞わ,0.576624
赦免,0.576299
沼地,0.576239
ジレンマ,0.576231
ロボトミー,0.576217
糖尿,0.576199
隠蔽,0.576177
官憲,0.576021
病没,0.576014
脳震盪,0.575738
色事,0.575708
盲腸炎,0.575659
積もっ,0.575599
性急,0.575473
実刑,0.575419
水死,0.575364
強硬,0.575363
うつ病,0.575346
果てしない,0.575345
コカイン,0.575177
激情,0.575099
かね,0.575021
怠る,0.575016
丸裸,0.574986
兆候,0.574856
コレラ,0.57472
貫け,0.57469
放置,0.574569
権力,0.574467
密猟,0.574425
振る舞い,0.574413
対峙,0.574257
疲労,0.573836
奪い取っ,0.573673
猛毒,0.57367
生皮,0.573457
マラリア,0.573373
負傷,0.57335
チアノーゼ,0.573254
因果,0.573201
揉み消し,0.573073
不行届,0.573035
無闇,0.572769
乗っ取ら,0.572711
虱,0.572702
押し付ける,0.572681
追い立てる,0.572561
淋病,0.572488
引き払う,0.572473
乱用,0.572429
流れ弾,0.572188
反撥,0.572035
仕組ま,0.571908
おこら,0.571841
押しつける,0.571725
悪循環,0.571614
飛び降りる,0.571486
発覚,0.571336
下人,0.571334
絶た,0.571313
撃退,0.571238
偏頭痛,0.571177
滅亡,0.571101
労苦,0.571071
トラブル,0.571038
土埃,0.571033
有害,0.570861
小競り合い,0.570853
胃潰瘍,0.570792
詐欺,0.570621
罹病,0.570618
奪わ,0.570588
切ら,0.570481
抗議,0.570455
汚染,0.570439
ジェラルディン,0.570435
塗り薬,0.570261
のしかかっ,0.570247
求刑,0.570087
警官,0.570043
支離滅裂,0.570041
痴漢,0.570041
害毒,0.570025
町外れ,0.569859
胆石,0.569749
拒み,0.569669
入り込ん,0.56965
仇名,0.569562
剥き出し,0.569507
強権,0.569482
仄めかす,0.569389
出刃包丁,0.569281
失っ,0.569277
肛門,0.569271
亡命,0.569245
重体,0.569169
こじらせ,0.569015
獲物,0.569006
荒廃,0.568659
圧制,0.568621
言い渡し,0.568476
戦犯,0.568458
摂取,0.568413
打ちつける,0.568373
擦り傷,0.568265
調伏,0.568202
驕り,0.568188
凶日,0.568001
下さ,0.567982
うつ伏せ,0.567968
被害,0.567947
顔面,0.567744
懐疑,0.567688
振るっ,0.567629
黙認,0.567591
振るい,0.567572
喉仏,0.567469
卑俗,0.567457
不適切,0.567451
虫下し,0.567446
凍る,0.567381
苛政,0.567349
訓戒,0.567342
すむ,0.567326
感染,0.567318
貫き通す,0.567124
及ぼす,0.566937
反撃,0.566809
欺瞞,0.566797
のらりくらり,0.566551
迂闊,0.566491
おちいっ,0.566314
陥穽,0.566281
容態,0.566149
差し向け,0.565987
火ぶた,0.565943
予審,0.565913
意趣,0.565863
エイズ,0.565847
隠し持っ,0.565828
事件,0.565777
きつい,0.565555
羽交い締め,0.565492
偏愛,0.565375
起訴,0.56537
長引く,0.565361
マリファナ,0.565345
巻きこま,0.56503
投身,0.564872
歪む,0.564683
躁病,0.564608
ロザ,0.564569
抜かす,0.564492
牛耳る,0.564475
雲隠れ,0.56443
捕る,0.56435
発症,0.564318
企む,0.564285
銃弾,0.564239
ほう助,0.56414
一族,0.564073
相撃ち,0.563925
服用,0.563819
しがみつく,0.563776
絶え間,0.56374
荒れ狂う,0.56373
抗戦,0.56363
垢,0.5636
古臭い,0.56344
急迫,0.563435
裂傷,0.563399
嫡出,0.563353
混乱,0.56324
違背,0.56321
負かす,0.563206
中風,0.5631
逃散,0.562943
失え,0.562927
一説,0.562835
白人,0.562741
死滅,0.562699
かゆみ,0.562692
薬殺,0.56269
極寒,0.562458
殲滅,0.562313
習慣,0.562199
食中毒,0.562122
圧迫,0.561941
不行き届き,0.561884
ユダヤ,0.561478
売り払う,0.561415
荒れる,0.561392
湿気,0.561353
兵卒,0.561265
略取,0.56121
付きまとっ,0.561
ひったくり,0.560974
患者,0.560923
懲戒,0.560788
変節,0.560749
逸らす,0.560665
不良,0.560649
抜歯,0.560582
ぐらつく,0.560482
倦怠,0.560344
金権,0.560284
剥奪,0.560205
猛攻,0.5599
ハイエナ,0.559865
焼か,0.559802
発砲,0.559677
膨満,0.559622
麻痺,0.5596
ヘマ,0.559548
擦れ,0.559462
やむなく,0.559454
胎児,0.55934
アクシデント,0.559281
宿す,0.559191
音信,0.55913
べったり,0.559109
鶏姦,0.559045
道端,0.559039
繰り返す,0.55903
うかつ,0.559009
証人,0.558868
渋る,0.558778
隠れる,0.558547
供述,0.558453
肝臓,0.558304
朽ちる,0.558257
手出し,0.558226
雑菌,0.558131
まやかし,0.557821
最中,0.557812
イロニー,0.557783
徘徊,0.557775
荒くれ者,0.557698
葬り,0.557572
マッカーシズム,0.55755
孕ん,0.557549
対立,0.557505
誇大,0.557501
消え去る,0.5575
精神分裂病,0.557476
吹きすさぶ,0.557377
従犯,0.556967
鎮圧,0.556891
大厄,0.556788
防戦,0.556776
役人,0.556757
喀血,0.556726
鬼畜,0.556638
抜け出す,0.556436
凍てつく,0.556434
戦い,0.556341
行動,0.556333
発疹チフス,0.556277
猥雑,0.556221
治療,0.556201
奴僕,0.556092
ミイラ,0.555935
手立て,0.555867
雑兵,0.555734
留守,0.555667
風習,0.555444
他殺,0.555443
気管支炎,0.55539
中絶,0.555273
打倒す,0.555268
胸痛,0.555209
蹴る,0.555044
売り渡す,0.554966
死去,0.554937
歪め,0.55493
乱世,0.554552
捏造,0.554491
審問,0.55448
めまい,0.554455
特赦,0.554399
猛威,0.554392
悪弊,0.554387
嗜癖,0.554373
欠乏,0.554309
失敗,0.554186
人災,0.554123
排斥,0.55406
玉砕,0.554046
混血,0.55401
退場,0.553988
追い打ち,0.553952
労役,0.553914
不在,0.553908
見付かり,0.553854
帰休,0.553754
断ち切る,0.553639
幇助,0.553531
内戦,0.553517
壊死,0.553381
通り魔,0.553349
熱さ,0.553323
手詰まり,0.553318
首魁,0.553219
殺傷,0.553145
肉食,0.553053
起こし,0.553024
吹き飛ぶ,0.552972
笞,0.55279
反発,0.552758
家僕,0.552639
侵掠,0.552635
有耶無耶,0.552626
取り除ける,0.552311
科さ,0.552242
胃酸,0.552135
横取り,0.552038
さなか,0.551889
息切れ,0.551771
八百長,0.551713
敗戦,0.551703
怠っ,0.551564
居眠り,0.55156
食する,0.551484
振舞い,0.551406
手当て,0.551316
負う,0.551302
聖職,0.550999
持ちこたえる,0.550966
人身,0.550928
ため息,0.55092
積年,0.550917
軽躁,0.550791
濫用,0.550714
後戻り,0.550639
腹膜炎,0.550415
突き破る,0.550107
不可抗力,0.550021
スパイ,0.55
暑気,0.549849
非合法,0.549743
打ち払う,0.549711
保釈,0.549687
勾留,0.549589
事態,0.549564
侵入,0.549556
しびれ,0.549292
抜け出る,0.549064
内輪もめ,0.549055
軍法,0.549044
虫垂,0.548887
迷妄,0.548873
刑期,0.548825
考え直す,0.548683
最早,0.5486
窮迫,0.548488
月経,0.548447
辟,0.548402
前代未聞,0.548349
断つ,0.548344
水疱,0.548327
雇い人,0.548297
地面,0.548273
踏ま,0.548209
平静,0.54814
クーデター,0.548114
落馬,0.548015
監獄,0.548012
迫る,0.547986
封じる,0.547919
乾き,0.54785
惨事,0.547818
起こさ,0.547714
屍体,0.547693
併発,0.547682
諸悪,0.547512
自爆,0.547494
いんちき,0.54728
大蛇,0.547253
矢面,0.547099
寒気,0.547032
外的,0.547014
壊滅,0.54699
野放図,0.546929
無道,0.546707
敬遠,0.546534
判決,0.546395
サボタージュ,0.546362
黙殺,0.546336
うっ血,0.546312
問責,0.546306
セックス,0.546287
疾病,0.546283
物言い,0.54627
不都合,0.54624
論難,0.546128
差し迫っ,0.546096
応戦,0.546081
黙秘,0.546058
飲み込ま,0.545962
頭皮,0.545852
むずむず,0.545656
遺棄,0.545412
あわや,0.545314
叩く,0.545117
ふるっ,0.544965
売淫,0.54485
耐える,0.544832
延引,0.544773
続出,0.544749
覚醒剤,0.544593
懐胎,0.544521
干さ,0.544427
口出し,0.544324
露呈,0.544091
敗残,0.543951
欺き,0.543895
傷め,0.54389
不人気,0.543751
汚物,0.543749
解雇,0.543685
ひき逃げ,0.543656
子分,0.543641
不平等,0.543601
ジステンパー,0.543586
陥り,0.543457
宣戦,0.543413
差別,0.543374
はしか,0.543363
そしり,0.543278
農奴,0.543142
反則,0.542993
滅多,0.542942
紛い,0.542891
出頭,0.542865
軽い,0.542817
むき出し,0.542786
包囲,0.542667
激烈,0.542647
ちらつく,0.542628
温床,0.542599
必至,0.542563
白癬,0.542507
総崩れ,0.542444
被る,0.542431
介入,0.542378
奇襲,0.542336
取り逃がし,0.542281
間者,0.542235
まねく,0.542105
就か,0.541931
壮烈,0.541911
隠滅,0.541893
喫する,0.541731
不可避,0.541708
スラング,0.541678
頽廃,0.541669
青酸カリ,0.541542
一家,0.541453
凶器,0.541413
横たわる,0.541394
贋物,0.541281
書き立て,0.541255
雹,0.541237
不手際,0.541068
身元,0.541031
甚だしく,0.541018
拙劣,0.541008
死の灰,0.54091
強奪,0.540908
不毛,0.540806
侵奪,0.54071
潰れる,0.540635
違法,0.54058
疾患,0.540559
蹴り,0.540475
苦情,0.540464
売女,0.540411
悪性,0.540371
急変,0.540332
刺殺,0.540317
不評,0.54022
危機,0.540071
逃げ込み,0.539846
叩きつける,0.539825
見限る,0.539796
二の舞,0.539748
パラノイア,0.53974
結局,0.539719
起き,0.539686
カンジダ,0.539656
逆戻り,0.539501
バイオレンス,0.53945
頻発,0.539371
矛先,0.539323
害虫,0.539297
自決,0.539197
難儀,0.539101
公序,0.539082
しきたり,0.538978
内紛,0.538872
肝硬変,0.538823
手口,0.538763
問う,0.538686
取り締まる,0.538679
鈍器,0.538669
あえなく,0.538627
防い,0.538601
悶着,0.538475
加勢,0.538397
激発,0.538164
隔絶,0.538046
渦中,0.537963
禁錮,0.537888
肺気腫,0.537876
火渡り,0.537851
憂き目,0.537796
縁切り,0.537652
浄化,0.537566
掘り返さ,0.537449
震撼,0.537336
失格,0.53718
癌,0.537094
孕む,0.537064
潜める,0.537063
騒動,0.537014
摘出,0.536947
ボートピープル,0.536852
波乱,0.536797
間男,0.536788
宙ぶらりん,0.536382
公判,0.53605
熱射病,0.535957
弱体,0.53592
無政府,0.535891
手落ち,0.535889
散り散り,0.535849
多勢,0.53583
落ち込む,0.53583
軍勢,0.535747
焼き討ち,0.535706
遺骸,0.535637
委縮,0.5354
降る,0.535345
濁流,0.535286
押し込め,0.535283
挑む,0.535271
手抜き,0.535203
熱中,0.53513
職業病,0.534981
毒素,0.534979
沈着,0.534909
引き返し,0.534819
幕切れ,0.534802
賊徒,0.534741
劣勢,0.534723
燃やす,0.534583
体液,0.534563
突進,0.534534
不出来,0.534445
突き刺さる,0.534441
崩れる,0.534415
瑕,0.5344
被疑,0.534325
辞する,0.534324
蓄膿症,0.53427
ダムダム弾,0.534183
もたらす,0.534177
犯意,0.534063
与太,0.534042
煮やし,0.534037
割腹,0.533958
水たまり,0.533957
横やり,0.53394
巣窟,0.53392
迫り,0.533872
みまわ,0.533869
不恰好,0.533689
わいせつ,0.53341
微塵,0.533175
猛烈,0.533159
軍隊,0.532959
帰服,0.532829
居座る,0.532747
毀損,0.532611
続ける,0.532433
重犯,0.532321
不祥,0.532321
偽物,0.532309
非力,0.532167
ゲシュタポ,0.532125
封建,0.532093
隔離,0.531972
科せ,0.531933
処遇,0.531911
溜まっ,0.531867
霧散,0.531839
歪曲,0.531765
粘膜,0.53167
間諜,0.531654
弊害,0.531607
申し出る,0.531392
行方,0.531384
発赤,0.531372
眩暈,0.531331
馘首,0.531272
干犯,0.531224
火打ち石,0.531096
救済,0.531049
上役,0.531001
錯覚,0.53096
嫌気,0.530735
護る,0.530697
金欠,0.530619
一刻,0.530614
譏,0.530551
避ける,0.530479
抱え込ん,0.530393
詐称,0.530388
火急,0.530327
瑣末,0.530209
絶っ,0.530011
入り込ま,0.529945
変質,0.529925
借財,0.529861
度重なる,0.529861
消耗,0.529282
賭け事,0.52927
降伏,0.529261
薨去,0.529153
常套,0.529077
蒙る,0.528925
人体,0.528905
がらみ,0.52879
冷める,0.528742
不作為,0.528577
馬肉,0.528563
粗雑,0.528469
剥がさ,0.528405
番人,0.528405
敵手,0.528342
家財,0.527946
胃液,0.527744
ディレンマ,0.527679
冷ます,0.527626
諦念,0.527617
マフィア,0.527564
罰金,0.527546
阿片,0.527276
押入れ,0.527165
拘束,0.527029
疥癬,0.526945
密偵,0.526739
賭博,0.526713
敵国,0.526463
DV,0.526373
剥がれ,0.52633
雇わ,0.526251
病原,0.52622
切迫,0.526106
肺臓,0.526029
誘い込み,0.526013
起す,0.526007
筋腫,0.52595
誤報,0.525913
見落とす,0.525908
誤爆,0.525888
血税,0.525732
投与,0.525707
叛逆,0.525655
遁走,0.525551
相剋,0.525465
乱獲,0.525379
惨禍,0.525294
絡ん,0.525232
冷やす,0.525153
回ら,0.525068
占領,0.52496
窮屈,0.524933
欠陥,0.524922
誘発,0.524908
没収,0.524806
査問,0.52438
粉塵,0.524228
取り残さ,0.524193
相克,0.524164
タリバン,0.524149
無精,0.524129
陰毛,0.524109
塞い,0.523915
誤審,0.523866
享年,0.523835
持ち出し,0.523642
漏れる,0.523571
ルサンチマン,0.523562
監房,0.523458
斥ける,0.523456
失業,0.52345
炎症,0.523444
立ちはだかる,0.523284
服薬,0.523277
昇天,0.522879
てんかん,0.522797
大患,0.522788
パーキンソン,0.52271
湿疹,0.522668
ころし,0.522535
迫ら,0.522522
流感,0.522433
打ち付ける,0.522384
乱射,0.522345
焼討,0.522287
弱点,0.522212
無軌道,0.522117
乗り越える,0.522101
首つり,0.52209
凶賊,0.521956
ギャンブル,0.521946
ロベスピエール,0.521883
誤り,0.521716
反駁,0.52171
揺るがし,0.521598
束縛,0.521562
帰伏,0.521549
存亡,0.521453
相反,0.521439
邪神,0.521386
予断,0.521367
被っ,0.52136
事犯,0.521231
密輸,0.520971
乱闘,0.520831
全治,0.520617
不実,0.520435
根こそぎ,0.520425
敗訴,0.520137
糺す,0.520054
解放,0.520052
帰順,0.520022
アブノーマル,0.519903
免官,0.519876
萎縮,0.519859
猟犬,0.519848
不祥事,0.519795
阻む,0.519768
だらだら,0.519748
排除,0.519654
魔王,0.519653
傷める,0.519607
小陰,0.519259
不正,0.519219
初っ切り,0.519198
違反,0.519014
暗黒,0.518897
甚大,0.518804
おこる,0.518673
評決,0.518503
潰滅,0.518468
屑,0.518292
臭気,0.518282
悪用,0.518166
攻め込ま,0.518149
嗜眠,0.518126
路頭,0.518123
処置,0.517913
送りだす,0.517821
連敗,0.517816
心神,0.517649
賃下げ,0.517629
撲滅,0.517273
厳禁,0.517256
駆除,0.51718
質草,0.517123
引き回し,0.516955
免責,0.516936
骨折,0.516894
失い,0.51689
降服,0.516793
信ずる,0.516729
失陥,0.516708
棄損,0.516559
引締め,0.516307
他律,0.516294
強圧,0.516238
取り締まっ,0.516104
バルビタール,0.51608
ホロコースト,0.515854
攻撃,0.51583
一掃,0.515798
王位,0.515528
侵害,0.515497
前兆,0.515414
治安,0.515379
ずるずる,0.515359
轟々たる,0.515243
吐息,0.515229
不安定,0.514948
抵抗,0.514712
状況,0.514534
強制,0.514519
潜伏期,0.514194
減給,0.514146
立ち行か,0.514041
産む,0.513869
浸蝕,0.513629
責任,0.513409
屈伏,0.513352
惨敗,0.513267
しに,0.513215
軟弱,0.513162
政情,0.513104
腹切り,0.513094
寂滅,0.513086
投石,0.513043
失職,0.512951
防が,0.512802
与える,0.512775
締め付け,0.512593
除名,0.512486
幽囚,0.512422
脱税,0.512362
不履行,0.512275
症候,0.51227
紙切れ,0.512145
危難,0.511822
霍,0.511793
徴兵,0.511528
横流し,0.511508
断ち切り,0.511464
着服,0.511398
渦巻い,0.511335
血栓,0.5113
辿ら,0.511176
病名,0.511104
配下,0.511094
胃癌,0.511044
乱軍,0.511023
禁じ,0.510945
かかり,0.510567
取り返さ,0.510565
剥がす,0.510527
剽窃,0.510472
なくなる,0.510419
脱水,0.510395
疎隔,0.510045
上気,0.509904
崩御,0.509662
召還,0.509648
公訴,0.509547
ギロチン,0.50953
枷,0.509397
恣意,0.509384
こわし,0.509327
侵犯,0.509123
傭兵,0.509094
申し渡し,0.508833
軽かっ,0.508779
怠り,0.508721
分娩,0.508705
撃ち込ん,0.508585
喫し,0.508559
買春,0.508508
反対,0.508267
故人,0.508145
インディオ,0.508131
消える,0.507993
逝去,0.507971
脱毛,0.507532
やくざ,0.507481
ムチ,0.507087
罰則,0.506936
日陰,0.506587
摘発,0.506573
砂塵,0.506548
立場,0.506545
異物,0.50643
闘争,0.506347
仕来り,0.506344
切開,0.506323
アウシュヴィッツ,0.506224
思念,0.506209
短刀,0.506167
辞職,0.506162
解任,0.506105
侵攻,0.50608
泥水,0.506078
誓約,0.505747
こじれ,0.50558
猶予,0.505547
駆け引き,0.505359
療養,0.505358
不全,0.505309
慢性,0.505182
論告,0.505128
繰り返し,0.504915
傷む,0.504633
損なう,0.504596
骨抜き,0.504502
外見,0.504441
出兵,0.504364
遷延,0.503695
止まる,0.503612
欠席,0.503598
検挙,0.503575
ゲリラ,0.503492
敗者,0.503339
気配,0.503268
事故,0.50326
麻酔,0.503106
アヘン,0.503104
散漫,0.503084
済む,0.503053
独居,0.502981
起因,0.502875
意図,0.502826
問題,0.50279
巻き上げる,0.502738
出廷,0.502644
証拠,0.502503
散財,0.502377
反動,0.502023
掛かる,0.501909
切除,0.501673
続発,0.50118
食い逃げ,0.501169
既往,0.501132
酷暑,0.501091
乾燥,0.501044
起こっ,0.500936
軽度,0.500612
ネオナチ,0.500519
足枷,0.500472
陥落,0.500309
ステロイド,0.500111
婚姻,0.50011
下等,0.499961
閔妃,0.499614
差し押さえ,0.499593
乳ガン,0.499453
掛かり,0.499423
ナイフ,0.499418
立証,0.499418
農民,0.499377
内応,0.499315
テロ,0.499177
擦る,0.499106
斟酌,0.499086
破産,0.498927
突き止め,0.498757
眷属,0.498601
暗闘,0.498542
大敗,0.498496
戸棚,0.498344
精気,0.498143
粗悪,0.498019
横槍,0.497846
掻爬,0.497765
燻り,0.49767
リタイヤ,0.49761
辞退,0.497543
抗する,0.497417
法廷,0.497189
反古,0.497103
不景気,0.496961
強請,0.496926
急性,0.496715
見つかり,0.496636
残党,0.496578
斃死,0.496575
差し迫る,0.496489
多量,0.49637
にがい,0.49624
根治,0.496071
完治,0.496003
追撃,0.496
下す,0.495866
空費,0.49556
抗弁,0.495556
欠場,0.495409
瘢痕,0.495387
令状,0.495206
論戦,0.495174
薄れる,0.49516
緩む,0.495043
転落,0.49498
没する,0.494684
クローゼット,0.49462
抗争,0.494465
不適合,0.494433
アスピリン,0.494221
フーリガン,0.494122
ウジ,0.49384
妖怪,0.493604
情人,0.493397
妖魔,0.493185
習俗,0.493092
見切る,0.49305
卒去,0.492922
偽造,0.492863
スタグフレーション,0.492669
身性,0.492626
申し立てる,0.492507
腫脹,0.49238
スタンガン,0.492366
被弾,0.492189
遅配,0.49203
乗っ取り,0.491967
上の空,0.491873
出国,0.491799
追い込み,0.491792
不均衡,0.491681
ナチス,0.491613
入りこん,0.491484
俗語,0.491416
検閲,0.491287
焼却,0.491158
匪賊,0.49114
同化,0.491007
営倉,0.490957
生類,0.49093
検察,0.490839
形勢,0.490811
入滅,0.49078
再審,0.490686
減退,0.490574
ヘイト,0.490427
乗り込む,0.490327
取り締まり,0.490294
切り捨てる,0.490064
前借,0.490063
もつれ,0.490054
君主,0.489981
火葬,0.48995
クラミジア,0.489344
不首尾,0.489291
焼き打ち,0.489283
致す,0.489132
一因,0.489052
汚濁,0.488999
キリシタン,0.488876
妻帯,0.488777
贈収賄,0.488694
完敗,0.48852
恭順,0.488493
流布,0.488493
軽微,0.488486
誤謬,0.4884
食い違う,0.488251
毛根,0.487884
損壊,0.487733
混入,0.48755
不能,0.487508
クレーム,0.487377
助勢,0.487182
究明,0.487175
上塗り,0.487123
課し,0.486994
盗聴,0.486973
リタイア,0.486923
不満足,0.486907
訓告,0.486846
番兵,0.486792
捻挫,0.486572
極右,0.486542
退路,0.486527
控え室,0.48649
不十分,0.486204
兵役,0.486167
踏み込ま,0.486069
食む,0.48583
空爆,0.48576
多発,0.485701
論外,0.485554
持ち出さ,0.485473
降ろさ,0.485403
オーバーヒート,0.485236
塹壕,0.485193
近づく,0.485055
紛擾,0.484999
無駄遣い,0.484976
借り手,0.484846
歴然,0.484751
強直,0.48472
混迷,0.484486
落人,0.484433
命じ,0.484082
癲狂,0.483988
困難,0.483975
防げる,0.4838
杜撰,0.483754
偽装,0.483678
宙吊り,0.483645
往生,0.483629
拘置,0.483352
密造,0.48317
水溜まり,0.483152
荒涼たる,0.482907
防ぐ,0.482728
見なし,0.482562
食い止める,0.482551
鎮静,0.482509
開腹,0.482403
匂わす,0.482303
粉砕,0.482268
厳重,0.482236
ワースト,0.482232
退陣,0.482209
審理,0.481934
立ち退き,0.481838
退学,0.48176
辞任,0.481702
創傷,0.481601
突き破り,0.481536
放棄,0.481341
筋違い,0.481023
腐食,0.480903
贋作,0.48089
衰亡,0.480803
切断,0.480711
持ちこむ,0.480681
機先,0.480595
終身,0.48054
人種,0.480462
断わり,0.480453
下らない,0.480407
孤立,0.480339
逆襲,0.480157
器物,0.480056
風化,0.480049
短剣,0.479698
一時しのぎ,0.479547
病巣,0.479477
凡下,0.47945
座礁,0.4793
増悪,0.479065
判断,0.479007
過多,0.478926
妨げる,0.478847
推察,0.478845
喪失,0.478715
覆さ,0.478706
法螺,0.478457
急襲,0.478447
忙殺,0.478281
喀痰,0.478243
税金,0.478233
上告,0.478208
未払い,0.478119
為す,0.477864
違約,0.477858
引き延ばす,0.477817
縮まる,0.477539
硬化,0.47753
ウレア,0.477505
退去,0.477453
曝露,0.477414
代償,0.477371
欠勤,0.47735
ダブルボギー,0.477316
紛糾,0.476906
貧弱,0.476837
寒波,0.476771
隠ぺい,0.476658
徴候,0.476571
低級,0.476554
彫る,0.476526
破ら,0.476499
家庭,0.476135
ぶつかる,0.476014
衰える,0.475836
覆る,0.475789
尼,0.475714
被曝,0.475636
犬,0.475228
打つ手,0.475192
沈め,0.475175
水泡,0.475164
不順,0.475045
ハイジャック,0.474914
引き金,0.474867
賠償,0.474758
旧習,0.474719
刑法,0.474674
ほこり,0.474552
不振,0.473974
起し,0.473919
干渉,0.473804
引責,0.473763
撃墜,0.473437
休場,0.473433
大風,0.473191
塵埃,0.473159
過誤,0.473156
延髄,0.473141
未決,0.473115
掣肘,0.47309
衛兵,0.473039
打ち破り,0.472858
咆哮,0.472654
休職,0.472416
課せ,0.472248
天魔,0.472148
交戦,0.471902
圧し,0.471891
手榴弾,0.471882
状態,0.471472
弁償,0.471202
拿捕,0.471145
頑強,0.471113
硬直,0.471096
術数,0.470901
催涙,0.470844
懸念,0.470695
共倒れ,0.470668
起こり,0.470455
死没,0.470449
吸入,0.470329
制圧,0.470279
終り,0.470272
レジスタンス,0.470223
持ち直す,0.470217
入り込む,0.470213
検察官,0.470125
人為,0.47009
面子,0.470003
不調和,0.469993
売り渡し,0.469961
対処,0.469826
俘虜,0.4698
気道,0.469708
内縁,0.469479
難民,0.469264
歩哨,0.468936
降り注ぐ,0.468929
要因,0.468747
振り切る,0.468704
無業者,0.46869
無秩序,0.468569
一派,0.468468
早急,0.468409
帰結,0.468393
錯誤,0.468252
破裂,0.468098
戦闘,0.467847
ペナルティ,0.46772
対敵,0.467513
墜落,0.467442
路傍,0.467378
開戦,0.46693
勃発,0.466812
負債,0.46668
遮る,0.46651
課す,0.46635
停会,0.465981
宣誓,0.465896
激化,0.465821
繰り返さ,0.465534
時代遅れ,0.465522
増す,0.465507
命運,0.465382
延々,0.465341
離れる,0.46523
派閥,0.464944
炎上,0.464938
紛争,0.464919
予防,0.464872
申渡し,0.464846
起っ,0.464658
冷夏,0.464588
植民,0.464587
診断,0.464473
思料,0.464433
受ける,0.464294
頽勢,0.463652
組討,0.463289
処分,0.463113
降りる,0.462674
遷化,0.462483
きたし,0.462332
退け,0.462307
吹き荒れる,0.46229
科する,0.462262
変態,0.462214
起さ,0.461814
押さえ込む,0.461683
リウマチ,0.461667
転覆,0.461576
落ち込み,0.461532
生じる,0.461524
獄舎,0.461273
書き残す,0.46117
追突,0.461034
建前,0.461029
踏み込む,0.460968
大量,0.46094
惰性,0.460892
ペナルティー,0.460436
来襲,0.46016
緩慢,0.460019
公害,0.460012
病舎,0.459959
皮下,0.459889
撃破,0.459798
目論む,0.459759
入寂,0.459509
損害,0.459493
傷痍,0.459484
留め置く,0.459472
戒告,0.459054
終盤,0.459027
跡形,0.459009
腰骨,0.458704
瘤,0.458702
不通,0.458487
滞納,0.458353
おせん,0.458191
土壌,0.45815
断絶,0.458135
乱脈,0.458072
ゴースト,0.45804
同義語,0.457769
正犯,0.457673
誤認,0.45739
破綻,0.457387
パレスチナ,0.457077
メタンフェタミン,0.457035
争っ,0.456983
ボイコット,0.456855
不確か,0.456766
乗り切る,0.456445
差し支える,0.456333
消毒,0.456287
移送,0.456128
抑え込み,0.456058
陳腐,0.456003
当局,0.455777
凋落,0.455757
不適,0.455591
滞る,0.455366
爆破,0.455272
潰える,0.455238
大破,0.454906
絶滅,0.454742
塞ぐ,0.454596
終る,0.454581
伝わる,0.454557
削る,0.454524
徴集,0.454405
引き渡し,0.453852
解職,0.453693
後見,0.453505
不払い,0.453484
虞,0.453451
根強く,0.453443
かく乱,0.453257
通説,0.45321
抑え込ま,0.453069
剥がし,0.452984
締め出さ,0.452693
及ん,0.4526
緩み,0.452527
盗難,0.45233
原級,0.452149
癒着,0.45207
病態,0.452041
障害,0.451918
左傾,0.451869
事案,0.451853
避難,0.451847
吹き荒れ,0.451844
後送,0.451814
為る,0.451624
長年,0.451604
挫傷,0.45112
侵食,0.45093
ひび割れ,0.4508
領土,0.450441
ダブルパンチ,0.450318
断た,0.450014
断り,0.449939
まぬがれ,0.449903
懈怠,0.449896
かさむ,0.449875
報奨,0.449628
占拠,0.449445
長期間,0.449384
憲兵,0.44938
論争,0.449193
法的,0.449186
判明,0.449123
不徹底,0.44908
再発,0.449069
未納,0.449033
降り積もっ,0.448954
捕獲,0.448912
盗用,0.448734
引退,0.448564
不一致,0.448554
摩擦,0.448191
言渡し,0.448103
喉頭蓋,0.447958
おこっ,0.447883
労災,0.447875
危ぶむ,0.447633
舌戦,0.447583
覆り,0.447545
強行,0.447473
敗れる,0.447294
小刀,0.447291
膏薬,0.447139
訴訟,0.44706
損耗,0.447052
雇人,0.446926
讒謗,0.446921
終わる,0.446648
ジェームソン,0.446537
支払い,0.44649
家宅,0.446278
免訴,0.446117
来たす,0.446071
徴用,0.446041
裁決,0.446034
選管,0.445579
みなさ,0.445548
とどめ,0.445526
症例,0.445455
婦女,0.445426
不戦敗,0.445349
訴人,0.44503
責務,0.444928
嵌める,0.444876
交接,0.44486
苦杯,0.444668
顧慮,0.444625
ボス,0.444572
反攻,0.444379
アウトサイダー,0.444281
落下,0.444111
切り下げる,0.444049
引き伸ばす,0.444016
崩壊,0.443997
日蔭,0.443659
下種,0.443577
鑑別,0.443212
無効,0.443037
亀裂,0.443035
リスク,0.442968
押し込む,0.44286
拍車,0.442804
布告,0.442777
仮眠,0.4427
見つかっ,0.442632
巡査,0.442138
掃討,0.442051
与力,0.442024
厳冬,0.442005
過密,0.441799
危惧,0.441669
刈る,0.441531
歯止め,0.441517
抜け穴,0.440805
出鼻,0.440675
捜査,0.440615
通告,0.440493
余波,0.440451
弱まっ,0.440083
過怠,0.439985
接触,0.439896
インフルエンザ,0.439878
撃滅,0.439747
行き詰まり,0.439619
推量,0.439492
足かせ,0.439456
縮む,0.439388
浸食,0.439336
麾下,0.439221
脆弱,0.439194
突撃,0.439183
ストライキ,0.439158
事由,0.438698
みなし,0.438298
決着,0.438294
値崩れ,0.437795
イボ,0.437682
寒冷,0.437588
指名,0.437304
同行,0.437263
リストラ,0.437018
解か,0.436967
流れ込ん,0.436868
課さ,0.436848
プア,0.436725
クラック,0.436591
押し込ま,0.436546
激震,0.436544
禁足,0.435967
補佐,0.435933
棄権,0.435779
追手,0.435751
落ち合う,0.435686
取り付く,0.435558
消息,0.435462
軍務,0.435421
命令,0.435178
破棄,0.435114
贈賄,0.435061
遅滞,0.435023
退勢,0.434849
贋造,0.434841
警護,0.434527
相貌,0.434305
クロロキン,0.434106
不備,0.433749
支障,0.433664
課する,0.433623
終わり,0.433585
入国,0.433438
損傷,0.43333
狙撃,0.432995
粗放,0.432643
援助,0.432639
牽制,0.432598
係争,0.432462
赤軍,0.432364
領主,0.432078
取下げ,0.431891
司法,0.431851
漏洩,0.430941
警手,0.430741
偽作,0.430283
御前,0.429874
シャドウ,0.429868
デビル,0.42979
団交,0.429761
崩落,0.429642
激突,0.429635
危急,0.429502
引き落とす,0.429333
南侵,0.429261
軟膏,0.429251
風波,0.42925
慣習,0.429242
様態,0.428752
障碍,0.428534
乖離,0.42851
時効,0.428397
埋め合わせ,0.428353
急場,0.428339
巡邏,0.428255
著しく,0.427662
阻害,0.427644
おこり,0.427589
縮める,0.427419
採決,0.42737
押収,0.427312
排する,0.427196
推測,0.4271
報酬,0.42669
引き揚げる,0.42665
抱え込み,0.426556
浸入,0.426492
著しい,0.426158
情勢,0.426066
減俸,0.42567
長逝,0.425639
齎す,0.425627
義務,0.425453
民事,0.425399
侵蝕,0.425124
広まる,0.425076
気勢,0.425006
低下,0.424643
職権,0.424498
手段,0.424435
職安,0.424433
洪水,0.424392
踏み切ら,0.423825
諸法,0.42378
目見,0.423604
送りこむ,0.422961
高まる,0.422959
退く,0.422529
生ずる,0.422448
不経済,0.422317
争論,0.422281
下がる,0.422221
腐朽,0.422028
減免,0.42198
抑え込ん,0.421956
ガザ,0.421605
袋小路,0.421422
鼓吹,0.421297
方術,0.421196
立退き,0.421138
抑える,0.421054
標的,0.42086
抑制,0.420617
胸部,0.420614
一概,0.420594
投棄,0.42047
ダンピング,0.420439
ロックアウト,0.420404
胸膜,0.419896
感冒,0.419796
球茎,0.419668
長引き,0.419328
徴募,0.419271
緊縮,0.419164
検使,0.419151
下役,0.419132
陥没,0.41911
危殆,0.418756
沈滞,0.418629
顕在,0.418503
傾向,0.418047
警戒,0.417949
積雪,0.417858
示寂,0.417407
切り取る,0.417041
過大,0.416755
検問,0.416331
墳墓,0.416324
ドラッグ,0.416286
小者,0.416065
高温,0.415749
さまよえる,0.415154
抱き込む,0.414937
不成立,0.41482
報償,0.414796
扶助,0.414748
執行,0.414341
労作,0.414008
退出,0.413469
争闘,0.413396
倒壊,0.413257
戦法,0.413242
差押え,0.412761
あいだ,0.412674
入定,0.412557
防備,0.412545
衝突,0.412457
疑義,0.411558
召集,0.411036
薬液,0.410334
菰,0.41022
くり返し,0.410022
座す,0.409861
合戦,0.409666
償金,0.409637
取り消さ,0.409606
衰微,0.409499
過当,0.409493
等閑,0.409445
当たる,0.409132
見なす,0.408903
一門,0.408859
スネーク,0.408418
守衛,0.408346
混同,0.407897
加える,0.407897
依存,0.407768
弱まり,0.40764
取消し,0.407607
余儀,0.407601
下層,0.407523
損失,0.407497
膠着,0.407346
争議,0.407274
封鎖,0.407272
形骸,0.407178
事後,0.407131
債務,0.406896
任務,0.406871
近付く,0.406561
棄却,0.406505
テンプラ,0.406424
衰退,0.406362
乗じ,0.406322
たゆたう,0.406272
厳に,0.406044
禁止,0.405892
乱雑,0.40523
救助,0.405145
激甚,0.405067
抜ける,0.404453
ワナ,0.404379
引き分け,0.404229
収容,0.403992
カタストロフィー,0.403676
離職,0.403617
不参加,0.403521
はざま,0.403516
監視,0.403453
用兵,0.40299
除去,0.402892
看做す,0.402812
抑止,0.40276
力作,0.402483
救援,0.402464
抱え込む,0.402426
下知,0.402236
トラップ,0.40213
海蝕,0.402065
変化,0.402064
謝金,0.401863
軍役,0.401506
取り除か,0.401496
箍,0.401288
踏む,0.401263
執り行う,0.401141
飛び火,0.400825
肋骨,0.400563
抜け道,0.400049
取り消し,0.39981
破損,0.399518
流れ出る,0.399381
デモン,0.399193
激減,0.398621
下る,0.398426
論議,0.398347
行き詰り,0.398135
議論,0.398019
抗告,0.397996
関わる,0.397869
頸管,0.397846
天誅,0.397692
コンフリクト,0.39764
立ち入り,0.39745
逸走,0.397394
滞っ,0.397157
噴出,0.397146
無関係,0.396946
否決,0.396478
掘り出さ,0.396469
給付,0.396463
労働,0.396241
湿地,0.396235
痕跡,0.396062
多年,0.395778
粘る,0.39575
作戦,0.395635
ミス,0.395612
圧力,0.395519
路肩,0.395302
エネミー,0.395164
引渡し,0.394923
借主,0.394475
微々たる,0.394388
強固,0.394065
ブラックリスト,0.393928
下司,0.393514
退転,0.393188
列強,0.392675
上長,0.39217
倒産,0.392009
格闘,0.391996
術策,0.391966
持ち込ま,0.391851
瘋癲,0.391301
奪取,0.391201
狭間,0.391195
決壊,0.390158
下落,0.389638
不況,0.389306
警察,0.389039
人別,0.388869
発生,0.388852
減ずる,0.388643
終結,0.388467
引き渡さ,0.387941
滞留,0.387676
募兵,0.38767
隙間,0.387536
過分,0.38715
衛士,0.386708
ジャッジメント,0.386681
徴,0.386677
表面,0.386522
戦術,0.3857
同様,0.385626
粗大,0.385217
打ち抜く,0.385055
故障,0.38473
打ち切り,0.384687
送り込む,0.384342
術,0.384265
嵩む,0.384198
中断,0.384088
見分,0.384071
流れ出す,0.384062
変造,0.383197
取締,0.383
海食,0.382732
臨む,0.382685
反作用,0.382684
出火,0.382148
差し止める,0.381803
家屋,0.381723
取消,0.381459
雑音,0.380964
シェード,0.380856
漏えい,0.38045
発する,0.380153
報道,0.380132
請求,0.380024
終焉,0.379795
遮断,0.379551
ゲバルト,0.3793
権益,0.37929
眩惑,0.379105
弾丸,0.378902
逸する,0.378731
突き当たる,0.378341
廃棄,0.378098
荷物,0.378062
状勢,0.377651
土地,0.377524
糸,0.377292
判例,0.377166
激増,0.377105
支払う,0.377061
未解決,0.377004
受容,0.376638
抜き取り,0.376611
支脈,0.376597
郊外,0.375896
吊り上げる,0.375412
捜索,0.375222
終末,0.375212
被う,0.374828
張番,0.374243
齟齬,0.374208
課徴,0.373903
重要,0.373884
レイオフ,0.373851
護衛,0.373832
検見,0.373822
最低,0.373755
爆撃,0.373694
病棟,0.373386
腐蝕,0.373314
行き止まり,0.373111
衰滅,0.373004
退任,0.372548
武装,0.371112
落着,0.370606
寸断,0.370461
切り詰める,0.370189
外さ,0.369858
偏り,0.369823
退職,0.36935
休会,0.369014
峡谷,0.368904
改変,0.368735
審判,0.368578
終局,0.368256
認容,0.367704
上程,0.367669
散会,0.367617
検分,0.366994
災害,0.366758
終極,0.3666
凍結,0.36656
着火,0.366517
打撃,0.365969
堆積,0.365675
衰勢,0.36563
砲弾,0.365492
払戻し,0.364536
司令,0.364174
情況,0.363899
不明朗,0.363861
方法,0.36376
紙片,0.363455
かるい,0.362974
場合,0.36264
租税,0.362626
公的,0.362425
会す,0.362128
座する,0.362094
救護,0.361682
防止,0.361649
運び出さ,0.36127
事例,0.361094
末期,0.360587
判定,0.360461
措置,0.360276
収縮,0.36027
上天,0.360269
散弾,0.360079
溶鉱,0.359285
風塵,0.358136
下り坂,0.35734
中気,0.357293
積み荷,0.356988
景況,0.356776
守備,0.356664
進撃,0.356198
借銭,0.355703
ケース,0.354566
気泡,0.354155
警備,0.352359
膨張,0.351969
様相,0.351361
成す,0.350752
票決,0.350393
全焼,0.350035
ダスト,0.349849
取りやめる,0.349734
蓄積,0.349583
浸水,0.349569
最下,0.348661
払い込み,0.348433
断念,0.347878
分断,0.347276
離脱,0.347114
泡沫,0.347034
クライシス,0.346636
及ぶ,0.346629
繰りかえし,0.346487
ペテン,0.346354
遅れ,0.345742
掌理,0.34552
最終,0.345338
引き上げる,0.345324
廃す,0.345259
不用,0.345139
延期,0.34512
かさばる,0.344939
停める,0.344257
査察,0.344149
囲い,0.343995
キャンセル,0.343834
埋める,0.343572
放出,0.343272
片端,0.342731
加重,0.342411
幾重にも,0.340777
廃する,0.340584
退潮,0.340414
拡散,0.339644
類推,0.338236
慣行,0.338207
横風,0.338128
積荷,0.337313
傾き,0.336847
緩和,0.3364
方途,0.335664
行き止り,0.335536
貫く,0.334492
ヘビー,0.334418
隆起,0.334187
入所,0.334158
デフォルト,0.332692
手数,0.332665
中止,0.332469
制約,0.331709
打ち切る,0.331465
流失,0.331255
陸地,0.331048
展延,0.330069
遅延,0.329989
低落,0.329788
払い戻し,0.329293
通知,0.329
不具合,0.328607
バイアス,0.32776
表決,0.327365
件数,0.326794
払底,0.326645
側妻,0.326199
ゴルジュ,0.326165
ヒート,0.324608
実例,0.324099
カタストロフ,0.323353
あたる,0.32208
射撃,0.321785
手法,0.321201
間隙,0.320597
命数,0.32032
駆逐,0.320288
延滞,0.319556
括り,0.319526
当る,0.319129
除外,0.31909
劈頭,0.31811
煩雑,0.318104
上回る,0.317644
入る,0.316599
累積,0.316044
変形,0.315981
マルク,0.315907
発射,0.315406
対策,0.313907
コーティング,0.313729
防衛,0.312006
決議,0.31126
領海,0.311178
法定,0.311062
査定,0.310742
近郊,0.310453
補う,0.310063
伝播,0.309565
減少,0.309254
流出,0.309236
流入,0.308349
永久,0.307361
切り離す,0.306373
物故,0.305934
停止,0.30545
補償,0.304042
散開,0.303683
波及,0.30227
投票,0.302049
比較,0.300331
仕法,0.298578
放流,0.297696
考慮,0.296187
借方,0.295942
緊急,0.295714
案件,0.294601
制限,0.294109
借款,0.292341
不要,0.291754
借入,0.291253
引き下げる,0.289321
エスケープ,0.289282
降下,0.289165
消滅,0.287763
図る,0.286687
直ぐに,0.285866
指令,0.285512
紅毛,0.285352
繁雑,0.283433
防護,0.281549
行なう,0.280287
繰返し,0.280268
警衛,0.279839
議決,0.27982
採る,0.276609
隷下,0.275911
係る,0.273917
インジェクション,0.273754
同一,0.273279
承認,0.27242
点検,0.270942
出口,0.269917
行う,0.26839
低減,0.268348
ストップ,0.266231
射出,0.262621
解除,0.262179
吐出,0.260678
借り入れ,0.259949
永年,0.259639
調査,0.257247
離隔,0.256543
警固,0.256324
ディレイ,0.25407
伝搬,0.252773
分立,0.252151
推定,0.249981
処理,0.249109
在来,0.24909
修正,0.247739
改造,0.246925
占める,0.236084
合口,0.235842
改築,0.234897
外形,0.228579
貨物,0.222286
流通,0.220185
終点,0.218896
踏査,0.214564
試算,0.211533
改正,0.188328
現行,0.186101
終期,0.152831
改定,0.14524
分離,0.141848
