単語,感情値
悪化,-0.213031021
言い返す,-0.346393882
言いなり,-0.276817233
言い訳,-0.309921505
弁解,-0.30009888
申し訳,-0.317227543
釈明,-0.256702499
怒り,-0.350795921
激怒,-0.343213612
憤り,-0.324555649
憤激,-0.269065287
憤怒,-0.265246162
憤慨,-0.324270501
痛み,-0.283562157
悲嘆,-0.309402267
悲哀,-0.283372778
痛む,-0.274821246
痛める,-0.293036536
苦しむ,-0.332427881
嫌がらせ,-0.287224825
うとうと,-0.310064801
追いやる,-0.243928222
追い出す,-0.259383816
放り出す,-0.282060059
犯す,-0.29192547
恐れる,-0.34480115
案ずる,-0.297932827
落ち込む,-0.239258654
落ちる,-0.275351206
過酷,-0.274813997
我慢,-0.335305973
棄権,-0.164683602
リタイア,-0.180279601
きつい,-0.250423652
虐待,-0.277151098
脅迫,-0.253894338
恐怖,-0.288047993
食う,-0.290702469
食らう,-0.287576644
喫する,-0.211211341
馬鹿,-0.346370433
愚劣,-0.277803982
口答え,-0.345537798
悔やむ,-0.334395679
悔いる,-0.319512011
恨む,-0.334449588
被る,-0.213899734
刑務所,-0.19186433
欠陥,-0.204877496
結局,-0.228511199
挙句,-0.298922769
挙げ句,-0.260744025
行為,-0.243184705
後悔,-0.367691907
殺す,-0.341896744
刺す,-0.263956986
最悪,-0.266049777
差別,-0.200562873
強いる,-0.25767057
死亡,-0.200602998
絶命,-0.272216495
借金,-0.24851798
借財,-0.201005507
傷害,-0.177485257
しょっちゅう,-0.282853318
深刻,-0.253185877
生死,-0.229580256
セクハラ,-0.264135175
責める,-0.371244423
退場,-0.220204271
体罰,-0.260338906
逮捕,-0.204888586
黙る,-0.296150603
罪,-0.269007292
悪行,-0.275038973
非行,-0.228173108
長引く,-0.212353535
滞る,-0.182159191
嘆く,-0.364743126
憎む,-0.338740954
寝たきり,-0.246878129
激しい,-0.252274998
恥,-0.324273438
恥辱,-0.305424977
汚名,-0.261606303
不名誉,-0.292652523
汚辱,-0.219528875
不評,-0.244779557
ばれる,-0.273031163
反抗,-0.292229055
抵抗,-0.175257852
反則,-0.210250499
違反,-0.181254604
犯罪,-0.205396173
侵害,-0.178766724
違背,-0.203504496
悪業,-0.252998126
引き起こす,-0.217144359
悲惨,-0.346378871
心配,-0.325064855
憂慮,-0.227287552
おそれ,-0.251229138
不快,-0.300522668
不愉快,-0.34973822
不潔,-0.281048609
猥褻,-0.219704431
不公平,-0.2690062
不平等,-0.192801812
不注意,-0.247388941
不満,-0.273672495
不利,-0.244552271
平気,-0.322849898
乱暴,-0.322015294
暴力,-0.267575114
醜い,-0.364498352
見逃す,-0.258526426
見過ごす,-0.257309889
見落とす,-0.213784623
無視,-0.249948416
無神経,-0.32671254
レッテル,-0.272164086
わざと,-0.322697512
起因,-0.189630796
引き金,-0.168800122
原因,-0.230472681
病気,-0.28030031
危険,-0.257427387
物騒,-0.268887262
死ぬ,-0.333155886
厳しい,-0.301776378
裁判,-0.193634509
判決,-0.181112387
刑罰,-0.249511367
批判,-0.248898219
重い,-0.242546527
避ける,-0.196443112
逃れる,-0.257660019
痛い,-0.328833422
トラブル,-0.213553538
問題,-0.188405189
苦しい,-0.318978453
陥る,-0.250991123
詰まる,-0.24359257
自害,-0.257045059
自決,-0.18107569
自殺,-0.271701387
恐ろしい,-0.370854253
倒れる,-0.279804338
覚悟,-0.32018743
苦しみ,-0.333172348
解雇,-0.2054732
お払い箱,-0.284674838
首切り,-0.217554357
傷つける,-0.327078956
傷付ける,-0.299841949
晒す,-0.268440934
曝す,-0.23846994
繰り返し,-0.19590699
遭う,-0.280088819
招く,-0.227847747
加害,-0.232809232
損壊,-0.146374707
果て,-0.265705616
不当,-0.236277676
不正,-0.174000736
免れる,-0.229894143
逃げ出す,-0.322807285
逃げる,-0.277516121
抜け出す,-0.222900148
逃げだす,-0.285776511
抜け出る,-0.212503039
死刑,-0.226993019
処刑,-0.262043734
不利益,-0.224369849
汚い,-0.318130439
追い込む,-0.236583928
警告,-0.232624376
不倫,-0.286650963
浮気,-0.294802324
苦痛,-0.34597551
激痛,-0.281591569
嫌がる,-0.307217997
嫌う,-0.297943298
厭う,-0.303362369
忌み嫌う,-0.284177167
殴る,-0.285956774
不信,-0.278625221
絶望,-0.325445279
悲観,-0.29095976
失望,-0.339223236
自棄,-0.328114012
偏見,-0.275356497
偏執,-0.245573271
悟る,-0.293557451
捕える,-0.236888253
引きずる,-0.249016613
拘束,-0.172928948
故意,-0.236910855
罰金,-0.193243059
ペナルティ,-0.180527179
吐き気,-0.262647779
あげく,-0.275916942
揚句,-0.25070551
追いつめる,-0.259147144
追い詰める,-0.25930673
処分,-0.167884461
容赦,-0.330130865
罠,-0.243972056
愚か,-0.368244041
後遺症,-0.231425762
止む,-0.23972183
済む,-0.215581143
罪悪,-0.336737652
罪業,-0.297579846
罪科,-0.227722132
悪質,-0.248908054
凶悪,-0.250041409
悪辣,-0.270364521
腹黒,-0.296425166
苦しめる,-0.291416768
火傷,-0.239348273
さっさと,-0.292788568
流産,-0.235044362
堕胎,-0.226069933
中絶,-0.18059825
妨害,-0.212497052
トラウマ,-0.283003432
散々,-0.307845836
さんざん,-0.277610449
神経症,-0.212649506
悪口,-0.336018021
陰口,-0.304773161
嫌悪,-0.334837713
悪循環,-0.228062844
制裁,-0.216080945
処罰,-0.252396978
理不尽,-0.346119569
未払い,-0.185737294
未納,-0.153663497
滞納,-0.169120399
苦悩,-0.338819285
脅し,-0.28608909
脅す,-0.303595307
捕虜,-0.222115349
虜囚,-0.232788335
囚人,-0.233356905
残酷,-0.304071016
嫉妬,-0.34710646
腫れる,-0.252141409
潰れる,-0.227309799
崩れ落ちる,-0.246241529
可哀想,-0.370687239
かわいそう,-0.333237631
気の毒,-0.337344789
哀れ,-0.35513571
憐れ,-0.311645924
無残,-0.287924304
無惨,-0.273613603
強要,-0.282107533
強迫,-0.227702952
無理強い,-0.279318726
強制,-0.162504281
疑惑,-0.220581812
疑い,-0.218613621
疑念,-0.266430206
嫌疑,-0.211706592
疑り,-0.31587771
有罪,-0.221560216
発覚,-0.20340258
露見,-0.254485211
暴露,-0.24528711
ばらす,-0.27936909
露呈,-0.227179425
極端,-0.241544913
極度,-0.272081227
見捨てる,-0.306963467
敗北,-0.230002684
敗戦,-0.201482913
暴行,-0.243129432
強姦,-0.243486523
レイプ,-0.26420033
凌辱,-0.227513843
陵辱,-0.236604468
抜け毛,-0.244719659
同然,-0.274125655
告発,-0.239402321
抑圧,-0.248725083
弾圧,-0.2145542
憎しみ,-0.32322707
殺し,-0.334924963
憤る,-0.311616068
怒る,-0.351018075
飢餓,-0.227861751
死因,-0.201293839
中傷,-0.30243213
和らぐ,-0.246250036
緩む,-0.19279771
やむを得ず,-0.237827367
搾取,-0.229035397
強請,-0.181789933
迫害,-0.267609272
不履行,-0.177462971
惨め,-0.347587283
売春,-0.220754369
淫売,-0.25677183
残虐,-0.286098546
残忍,-0.334928291
非道,-0.289689651
暴虐,-0.258239943
無慈悲,-0.280523739
陰惨,-0.288590816
苛酷,-0.270030822
隔離,-0.177793741
剥き出し,-0.228954595
むき出し,-0.22647238
息苦しい,-0.312208897
宣告,-0.24878803
復讐,-0.299114119
仕返し,-0.312192671
報復,-0.255798151
誹謗,-0.274466568
下腹部,-0.242173599
拷問,-0.264460109
甚だしい,-0.258338998
手抜き,-0.219760709
怠慢,-0.263617847
怠り,-0.194145827
不行届,-0.210942339
不可解,-0.284524923
果てる,-0.287167799
死する,-0.274419163
あからさま,-0.297432904
露骨,-0.275594315
公然,-0.22792222
大っぴら,-0.288780164
あらわ,-0.261317654
転落,-0.179873874
飢える,-0.289321368
裏切り,-0.290656745
破滅,-0.273102968
やむなく,-0.222268631
罪人,-0.283690602
屈辱,-0.310023871
侮辱,-0.352829492
屈する,-0.2396104
逃避,-0.255289875
罵る,-0.354337971
ずるずる,-0.21859182
逃亡,-0.229103905
憎悪,-0.31229015
ヘイト,-0.16972348
無理やり,-0.263689363
むりやり,-0.258715264
劣悪,-0.243746841
粗末,-0.281629555
不良,-0.207229288
劣等,-0.270765427
愚痴る,-0.303910699
過労,-0.209766862
オーバーワーク,-0.243651995
腋臭,-0.248841677
冒す,-0.219125544
どん底,-0.27571179
無気力,-0.293809659
疎外,-0.264885682
極まりない,-0.299633453
ひどく,-0.345874816
使い物,-0.253247892
ごまかし,-0.289996834
耐え難い,-0.303508666
耐えがたい,-0.325567635
窮地,-0.268848819
苦境,-0.26737654
告訴,-0.206236586
吹き飛ぶ,-0.226077503
吹っ飛ぶ,-0.239754874
殺戮,-0.254401102
苛立つ,-0.309400029
病む,-0.270850551
踏みにじる,-0.284954898
はびこる,-0.25055399
ひるむ,-0.308080626
泥沼,-0.225813291
沼地,-0.210658877
元凶,-0.246229996
敵意,-0.27045433
反感,-0.258816471
監獄,-0.177687272
牢獄,-0.226737752
牢屋,-0.254985237
窮乏,-0.248983856
困窮,-0.267584419
疲弊,-0.24537932
窮迫,-0.19722087
ちらつく,-0.225250018
銃撃,-0.204314001
発砲,-0.191170015
放免,-0.23573083
罷免,-0.203606645
放逐,-0.192458971
免官,-0.179794151
馘首,-0.191094996
冷や汗,-0.282645749
即刻,-0.249351552
反逆,-0.259869082
蝕む,-0.244234019
祟り,-0.282354076
共犯,-0.211013556
共謀,-0.194130932
従犯,-0.175281592
鞭打つ,-0.289695403
横暴,-0.303029578
見放す,-0.316044876
棄てる,-0.267124873
自白,-0.224452994
自供,-0.200366934
過重,-0.231022899
懲罰,-0.221720894
懲戒,-0.198695161
衰弱,-0.281223449
幻聴,-0.243661407
勾留,-0.171063919
収監,-0.209505572
拘置,-0.155590926
監禁,-0.238077027
禁固,-0.192591274
幽閉,-0.219457188
踏みつける,-0.295488557
軋轢,-0.225721345
不和,-0.259337131
痛々しい,-0.302985567
障る,-0.326980751
仕打ち,-0.339249615
言動,-0.303575714
ノイローゼ,-0.270963123
失明,-0.237383146
焦燥,-0.240739094
いら立ち,-0.285624238
卑怯,-0.311200951
卑劣,-0.319522304
姑息,-0.24267776
窒息,-0.24384931
所為,-0.23722672
温床,-0.179277606
脱走,-0.227492849
逃走,-0.208687783
出奔,-0.246294628
逃散,-0.20030358
雲隠れ,-0.211381244
失神,-0.248891907
気絶,-0.303973212
昏倒,-0.254200616
卒倒,-0.247911956
ヒステリー,-0.262418962
前科,-0.235577189
昏睡,-0.229086469
バッシング,-0.251235441
非難,-0.295278745
プレッシャー,-0.274773458
重圧,-0.268674776
圧迫,-0.199008122
圧力,-0.131629107
言い争い,-0.281067108
言い合い,-0.284064361
口論,-0.2876628
突き落とす,-0.288545178
人殺し,-0.311241613
逃げ場,-0.2405522
着服,-0.183473591
横領,-0.202414134
締め付け,-0.195894492
締めつけ,-0.227611701
非合法,-0.176993299
違法,-0.179587734
不法,-0.176525814
身の上,-0.311923149
境遇,-0.319520904
餓死,-0.266761056
かんきん,-0.206843842
凄惨,-0.283746162
手痛い,-0.248988323
後戻り,-0.219148532
逆戻り,-0.206751126
暴挙,-0.245504305
乱行,-0.249665634
餌食,-0.270566738
常習,-0.226866701
狂人,-0.299779526
気違い,-0.292611674
栄養失調,-0.238832859
虐げる,-0.313960045
失態,-0.26635882
過ち,-0.297675047
忌避,-0.236041027
常套,-0.222531267
因襲,-0.240337546
因習,-0.24027034
根深い,-0.247283998
打ちのめす,-0.28191387
押し倒す,-0.267218007
失意,-0.285854279
やけくそ,-0.261320824
むごい,-0.364327682
ダンピング,-0.147901663
うろたえる,-0.336828582
不義,-0.291809798
密通,-0.258858148
不品行,-0.281710209
拘禁,-0.193743997
抑留,-0.192417268
梅毒,-0.212333111
げっぷ,-0.243686077
アル中,-0.260521334
リンチ,-0.212857864
忌まわしい,-0.309984632
審問,-0.186092758
尋問,-0.21663764
不衛生,-0.251193087
事犯,-0.163019038
重罪,-0.220225018
重犯,-0.170579348
犯行,-0.20833281
凶行,-0.24661306
嘲る,-0.337223369
おぞましい,-0.315117374
陰湿,-0.292295417
陰鬱,-0.271865442
除名,-0.182769813
破門,-0.219263937
重病,-0.264122601
物乞い,-0.275927399
乞食,-0.257431067
悪寒,-0.234822103
寒気,-0.20318033
身震い,-0.286115513
耐え忍ぶ,-0.326624019
自暴自棄,-0.334110186
負い目,-0.297478129
負債,-0.1675268
債務,-0.130509941
叱責,-0.339296159
看守,-0.237024634
裏切り者,-0.311922438
心労,-0.268809857
心痛,-0.25899441
煩悶,-0.291263591
不運,-0.305945182
烙印,-0.252848474
不仲,-0.289774083
確執,-0.251269311
仲違い,-0.245851002
仲たがい,-0.257650164
不一致,-0.180971252
葛藤,-0.293416935
辱める,-0.325802992
襲う,-0.261695533
職業病,-0.191538891
蔑視,-0.27932767
軽蔑,-0.337457036
マザコン,-0.28534853
取り乱す,-0.340960401
拘留,-0.199606256
回りくどい,-0.285320267
不道徳,-0.276149166
悪徳,-0.262235599
侮蔑,-0.303381642
軽侮,-0.255240467
板挟み,-0.270999781
板ばさみ,-0.263918091
ジレンマ,-0.232066594
咎め,-0.302430134
糾弾,-0.255325482
難詰,-0.264666744
批難,-0.246621981
問責,-0.201992673
そしり,-0.210904202
指弾,-0.217599866
禁断症状,-0.267760673
見殺し,-0.305708904
恫喝,-0.249584854
冷笑,-0.270136959
嘲弄,-0.297183773
肺結核,-0.203218507
刺し殺す,-0.286034681
上塗り,-0.190324625
無策,-0.243346064
苛烈,-0.299738511
激烈,-0.207598083
猛烈,-0.21456791
痛烈,-0.290242758
パニック,-0.211324568
錯乱,-0.23287469
混乱,-0.206628976
叱りつける,-0.348180354
叱る,-0.317113383
末路,-0.279533509
結末,-0.254432815
最期,-0.276251867
おしまい,-0.283460107
流血,-0.241320523
出血,-0.192754262
賃下げ,-0.190092687
悪評,-0.283287621
夜尿症,-0.247124551
うめき声,-0.282804394
害悪,-0.251638533
怪我,-0.238466796
負傷,-0.193377523
怒り狂う,-0.323029654
暴れる,-0.267572398
悪態,-0.293950148
罵り,-0.316662456
ののしり,-0.299806508
切りつける,-0.262984244
小競り合い,-0.207571328
いざこざ,-0.250726685
無様,-0.32420984
不合理,-0.26278235
弾劾,-0.22490304
暴徒,-0.219506906
護送,-0.203411653
廃人,-0.270838523
足止め,-0.230655456
巻き添え,-0.248782558
余波,-0.14960247
無抵抗,-0.243771139
不随,-0.211293009
麻痺,-0.191165091
ギロチン,-0.181633591
無能力,-0.233044379
密売,-0.187771543
殴りつける,-0.287053226
見せしめ,-0.265313742
雑言,-0.282143483
罵倒,-0.345661091
痛罵,-0.269459121
ネグレクト,-0.236295562
放置,-0.194748675
責め立てる,-0.363376057
いたぶる,-0.281239311
すり減らす,-0.30016802
躁鬱病,-0.24212649
呵責,-0.309687502
蛮行,-0.245954828
幇助,-0.171701261
加担,-0.242216205
荷担,-0.219044675
肩入れ,-0.224522562
虚脱,-0.248282222
事実無根,-0.245250636
諍い,-0.265854031
言い争う,-0.306500746
いさかい,-0.281144499
圧政,-0.243381654
やり返す,-0.315288333
言い返し,-0.294962634
仮死,-0.249776972
不作為,-0.187424194
呪詛,-0.270928464
死に絶える,-0.263491154
汚らしい,-0.292740234
凍傷,-0.212948482
ヘロイン,-0.201279688
殴り合い,-0.265578345
罵詈,-0.285263822
無礼,-0.310609041
謗り,-0.302307152
誹り,-0.288558896
けしかける,-0.317181627
唆す,-0.283232025
煽る,-0.259257849
あおる,-0.235095189
壊疽,-0.224547924
壊死,-0.180011997
臆病者,-0.340501129
失政,-0.240120163
悪政,-0.261346509
半身不随,-0.241225044
嗚咽,-0.297020495
すすり泣き,-0.293709588
死罪,-0.261857399
絞首刑,-0.231620221
村八分,-0.205805968
弱腰,-0.256471972
癩病,-0.22906957
怨恨,-0.246568621
怨嗟,-0.265703288
相撃ち,-0.215780818
相討ち,-0.245782968
極刑,-0.244644815
毒殺,-0.247407109
殺める,-0.342425406
紛い,-0.218495609
まがい物,-0.276042914
いんちき,-0.209730078
あくどい,-0.286461278
口げんか,-0.304175888
やり口,-0.262055553
手口,-0.19221705
斬首,-0.24814132
断頭,-0.21267009
薄汚い,-0.315947005
意固地,-0.312889208
失職,-0.172126326
失業,-0.172606497
吐血,-0.226824486
お仕置き,-0.290271854
天罰,-0.256363313
もみ消す,-0.279443347
悔恨,-0.299526473
とばっちり,-0.250261125
姦通,-0.262427092
血みどろ,-0.227090589
血まみれ,-0.249490257
駆け落ち,-0.262690683
手詰まり,-0.217481436
行き詰り,-0.163583551
裂傷,-0.200142511
日射病,-0.233324865
辛辣,-0.309486261
遺恨,-0.237572843
悪あがき,-0.249010379
食らわせる,-0.306749739
重婚,-0.217184397
心ならずも,-0.280045961
回し者,-0.255043712
インポテンツ,-0.234342161
堪忍袋,-0.296291652
風土病,-0.188248213
無感覚,-0.282360999
取っ組み合い,-0.281259981
依怙贔屓,-0.299726552
創痍,-0.241252489
手傷,-0.252286788
傷口,-0.24290925
平手打ち,-0.291329974
反目,-0.225838752
変節,-0.22339777
肺病,-0.227681634
足蹴,-0.277120775
軽犯罪,-0.196755371
火刑,-0.237826575
酷薄,-0.295645091
冷酷,-0.330004509
折檻,-0.312724145
打擲,-0.253957975
殴打,-0.243084239
帰休,-0.198311799
酒浸り,-0.300904738
不忠,-0.278806774
不誠実,-0.278273121
憎まれ口,-0.338304736
暴政,-0.246601121
苛政,-0.198397489
青二才,-0.279655294
譴責,-0.238323257
不正直,-0.299365676
内輪もめ,-0.204528012
私刑,-0.217332778
不穏当,-0.239079275
腐乱,-0.220901671
腐敗,-0.237789115
懊悩,-0.291053038
苦悶,-0.279363679
グロッキー,-0.252981577
激越,-0.256200084
凄絶,-0.232019138
屈従,-0.257480961
卑屈,-0.326836265
人事不省,-0.265692796
悪風,-0.22070966
悪弊,-0.207857547
悪習,-0.235265506
忘恩,-0.297298179
街娼,-0.217210987
営倉,-0.171834733
痴態,-0.254804634
愚行,-0.28075637
縛り首,-0.266281195
絞殺,-0.219632467
浴びせかける,-0.307797728
故殺,-0.18354269
殺害,-0.2450069
殺人,-0.205718215
停会,-0.174626357
姦婦,-0.257249378
激高,-0.283984332
激昂,-0.323456098
却って,-0.284540195
かえって,-0.287093985
無理矢理,-0.264980298
咎める,-0.31882606
詰る,-0.309660707
目眩,-0.240962117
庇う,-0.32739757
苛立ち,-0.308396863
いらだち,-0.280175394
屈伏,-0.18054347
屈服,-0.235149764
降参,-0.264418659
怯む,-0.283805986
心無い,-0.279725513
鬱憤,-0.291265349
立腹,-0.301929602
汚らわしい,-0.338255453
血腥い,-0.232663349
私怨,-0.26071649
怨念,-0.262202292
蛆虫,-0.250196002
笞,-0.195994343
思い上がり,-0.327769169
譫妄,-0.237629289
姦計,-0.267455757
奸計,-0.240663307
マッカーシズム,-0.194840347
揉み合い,-0.244441356
酷評,-0.291591549
論難,-0.206026596
マゾヒスト,-0.255351691
まとも,-0.313840324
宙ぶらりん,-0.204447182
有耶無耶,-0.220796218
不安定,-0.205772381
開けっ放し,-0.260851231
当てこすり,-0.300924087
不人気,-0.23037074
もみ合い,-0.221728913
大立ち回り,-0.226311309
乱闘,-0.196498222
撃ち殺す,-0.307262854
手ひどい,-0.273542192
手ぬるい,-0.257926767
悪臭,-0.245259705
失う,-0.224377744
気まずい,-0.291757677
切り傷,-0.226768099
腐る,-0.262946026
繰り返す,-0.220705482
欠席,-0.182858369
不参加,-0.153002206
強盗,-0.20888256
誤解,-0.281500787
思い違い,-0.260752626
ごまかす,-0.266191792
紛糾,-0.179453562
刺さる,-0.246997859
事態,-0.203266541
状態,-0.17143909
失格,-0.20839708
重大,-0.219554453
ストーカー,-0.20572555
対立,-0.19962616
ためらう,-0.290437286
ついに,-0.24559907
同情,-0.330338591
どうせ,-0.315943235
情けない,-0.334643863
二度と,-0.296356868
不幸,-0.360515212
不自然,-0.266065506
ホームシック,-0.263291677
無関心,-0.283848144
薬物,-0.186370769
余計,-0.296092901
悪い,-0.348999597
病状,-0.226683089
ストレス,-0.257240539
入院,-0.195492443
負ける,-0.318257082
失敗,-0.214755327
落ち度,-0.266652366
過誤,-0.156732658
過失,-0.208717017
ケガ,-0.23935151
辞める,-0.280306737
被告,-0.197319999
過剰,-0.215207621
余りに,-0.259435035
必死,-0.306018721
掛かる,-0.216155827
うつ病,-0.198926566
風邪,-0.224207515
変死,-0.202382391
キャンセル,-0.137657822
破棄,-0.156364634
喧嘩,-0.299206345
無効,-0.156227468
押し付ける,-0.241096741
押しつける,-0.237181737
下痢,-0.227403925
破綻,-0.161641362
厄介,-0.300536115
歪む,-0.2300418
抗議,-0.216958007
些細,-0.294847652
ささい,-0.230759227
反発,-0.216461333
明白,-0.252042348
有り様,-0.243842535
痺れ,-0.235080198
しびれ,-0.21366851
真相,-0.240056832
悶着,-0.224278853
身内,-0.295003833
身寄り,-0.249808796
拒む,-0.273400187
断わる,-0.252277143
漏らす,-0.285620768
切り捨てる,-0.203958697
麻薬,-0.178593791
嘔吐,-0.238489978
思い込み,-0.296516279
虐殺,-0.210759996
悪逆,-0.227200498
凍結,-0.122902342
悪意,-0.25940864
悪気,-0.331740766
罰則,-0.186142105
起訴,-0.178697906
訴追,-0.184246625
消耗,-0.193118844
精神病,-0.201888846
乱用,-0.180629365
刑法,-0.146851447
患う,-0.25616963
罹る,-0.224700597
苦難,-0.278428239
悲鳴,-0.307854607
苦い,-0.267475558
中止,-0.126054842
中断,-0.135686219
横たわる,-0.21200327
臥す,-0.242565818
別居,-0.228217343
取り調べ,-0.215285044
取調べ,-0.201270177
追及,-0.246373411
汚職,-0.192847767
高熱,-0.208532002
立ち去る,-0.278845305
引き下がる,-0.307319648
タブー,-0.245796809
禁忌,-0.210929169
差し押さえ,-0.174074287
断ち切る,-0.217466383
傷跡,-0.229280568
傷痕,-0.219846471
暴動,-0.192104269
襲撃,-0.194411992
窮屈,-0.24018892
軽微,-0.172464591
無謀,-0.259790507
落ち込み,-0.190151895
異端,-0.216569847
浴びせる,-0.264838133
たかる,-0.247707874
窃盗,-0.186587926
ハラスメント,-0.207724588
病的,-0.260805715
マラリア,-0.180142829
痙攣,-0.206507154
略奪,-0.231873629
呪う,-0.300534375
祟る,-0.294404911
過食,-0.243586038
暴食,-0.25488089
倦怠,-0.208170888
飛び降りる,-0.230390317
言い渡す,-0.226579252
償う,-0.288636103
硬直,-0.190935609
重荷,-0.25302483
強行,-0.166687912
絶え間,-0.219295624
迷信,-0.27711126
絞める,-0.235918822
陥れる,-0.276835987
置き去り,-0.264906562
罹患,-0.204680746
失踪,-0.218433469
偽善,-0.322011579
日に日に,-0.256175409
座り込む,-0.266006062
済まない,-0.296745061
死骸,-0.254121342
死体,-0.255856966
死人,-0.264308477
性行為,-0.230315385
打ち切り,-0.153297949
抜け落ちる,-0.22660749
沙汰,-0.228537391
失禁,-0.225344129
寝返り,-0.207073264
同性愛,-0.246219052
壮絶,-0.268293707
不払い,-0.14629952
卑しい,-0.336932105
さらけ出す,-0.284309508
切迫,-0.193797029
詫びる,-0.305479434
息切れ,-0.223554112
仕向ける,-0.260171246
思い悩む,-0.312235087
悶える,-0.314054842
威嚇,-0.237823872
家出,-0.243267255
問い詰める,-0.295835304
問いただす,-0.296876863
問い質す,-0.254330861
堕落,-0.297256867
時代遅れ,-0.214617908
悩ましい,-0.28670867
惨状,-0.254321548
胃潰瘍,-0.199393664
寝不足,-0.267492791
立ち退き,-0.165469314
賭博,-0.182496188
博打,-0.252128602
スキャンダル,-0.224041137
後ろめたい,-0.347412869
疎遠,-0.227353001
信じ込む,-0.316282058
辞職,-0.180203395
泣き叫ぶ,-0.311745076
やり過ごす,-0.239227145
痛ましい,-0.301213655
破局,-0.229557181
災い,-0.281722006
壊滅,-0.178966605
天災,-0.201181501
歴然,-0.202569613
シラミ,-0.199409035
べったり,-0.231660415
弱体,-0.191786682
弱気,-0.312785602
軟弱,-0.208915364
不可抗力,-0.206708124
明るみ,-0.214582111
病死,-0.235389569
売り払う,-0.218134074
水疱,-0.195341935
食い物,-0.283963541
引きずり込む,-0.270963452
食わせる,-0.317002671
免職,-0.210468948
法外,-0.235690114
過度,-0.228963137
過大,-0.167350372
過当,-0.154532119
緩み,-0.172934813
汚物,-0.19203833
前代未聞,-0.227800127
詰め寄る,-0.26398697
癒える,-0.261852175
コレラ,-0.182815149
逃げ道,-0.216659362
自責,-0.245133306
とっとと,-0.297657358
やらかす,-0.292026541
振り払う,-0.280979595
手下,-0.256172531
下っ端,-0.283841025
下働き,-0.234646634
下人,-0.211156916
張本人,-0.256408655
係争,-0.143317974
でっち上げる,-0.29326331
胸痛,-0.201118597
吹き出物,-0.288784429
かき消す,-0.296938454
公訴,-0.155252101
フラストレーション,-0.259438518
皆殺し,-0.278647313
根絶やし,-0.245939507
全滅,-0.216011249
突き破る,-0.218646061
苦渋,-0.287359265
追っ手,-0.254742832
寝返る,-0.241328741
収奪,-0.215240552
口走る,-0.29180434
面前,-0.246069819
険悪,-0.261255247
不覚,-0.229273551
浮腫,-0.196603606
胃痛,-0.227245028
腹痛,-0.223132534
惨敗,-0.202117455
総崩れ,-0.206197843
退廃,-0.254474378
くり返し,-0.147157796
そそくさ,-0.275882308
疎む,-0.282928193
赤痢,-0.19243217
不意打ち,-0.250800067
みすぼらしい,-0.26773928
雇い主,-0.246648305
放蕩,-0.276345245
送還,-0.191606239
苦々しい,-0.323072178
負け犬,-0.286879896
冷やかす,-0.318849211
狂乱,-0.214334544
狂気,-0.281313686
逆上,-0.321188491
引きずり出す,-0.282967791
道連れ,-0.257385931
官憲,-0.189408029
警官,-0.202025147
軍法,-0.187438937
言い渡し,-0.200889617
言渡し,-0.14696459
チアノーゼ,-0.194873876
名指し,-0.222077206
醜悪,-0.291137197
低劣,-0.266159836
下衆,-0.245001475
コカイン,-0.189653459
密告,-0.245946321
告げ口,-0.294313554
切り下げる,-0.175142973
農奴,-0.194600931
ブーイング,-0.269944339
よそよそしい,-0.326706837
無法,-0.212207845
無政府,-0.177314387
ニヒリズム,-0.231788671
離反,-0.215706533
水の泡,-0.260703523
刑期,-0.183720742
墓穴,-0.219083619
不摂生,-0.255506187
愚かしい,-0.324115226
しっぺ返し,-0.262625513
独房,-0.209603724
腫れ物,-0.245532765
背信,-0.246894594
内通,-0.204743737
ハイエナ,-0.20862464
失笑,-0.270239178
極貧,-0.219228411
貧窮,-0.258460283
赤貧,-0.260405032
巣窟,-0.187261535
腰骨,-0.186455048
虚勢,-0.306852896
血なまぐさい,-0.235181864
放心,-0.270471781
熱射病,-0.190659783
不遇,-0.280691157
溺死,-0.222924949
水死,-0.195286772
未決,-0.151698094
息巻く,-0.304093112
悪ふざけ,-0.277544515
のらりくらり,-0.245839805
からかい,-0.320742068
憐憫,-0.315976639
躁病,-0.193969849
言い立てる,-0.312848555
妄言,-0.266797401
虚言,-0.252514192
嘘,-0.321398477
虚偽,-0.213332466
負け惜しみ,-0.302504907
陰険,-0.286002135
吹きすさぶ,-0.215175932
敵対心,-0.233740908
オーバーヒート,-0.184186778
怒号,-0.247137184
悪鬼,-0.274155497
肉欲,-0.270065747
夢遊病,-0.233347525
サボタージュ,-0.18752104
パラノイア,-0.192793187
背教,-0.21639539
放棄,-0.169188972
絞め殺す,-0.288241674
突き通す,-0.287452334
越権,-0.216494141
急迫,-0.207893806
追い剥ぎ,-0.247217498
追いはぎ,-0.243456931
追剥,-0.284868069
誤審,-0.205601628
口止め,-0.258432169
欠場,-0.183096159
不在,-0.206045501
腰抜け,-0.252165419
讒言,-0.280256206
意趣,-0.244114171
敵愾心,-0.237035975
憂さ晴らし,-0.298964954
醜聞,-0.22678097
煩い,-0.247586134
むざむざ,-0.261807338
過保護,-0.299783557
大目玉,-0.275013727
ふしだら,-0.28933445
自堕落,-0.295964997
女たらし,-0.295677225
割腹,-0.193282984
切腹,-0.247353051
承服,-0.242553839
微罪,-0.190906819
毒牙,-0.216863809
人さらい,-0.247325726
勾引,-0.194754602
入れ知恵,-0.276979272
情交,-0.248722632
スタンドプレー,-0.261092394
精根,-0.248248962
黒死病,-0.194990843
流感,-0.179959413
偏執狂,-0.295061256
肋膜,-0.212622409
不戦敗,-0.162734001
耄碌,-0.293470938
盗癖,-0.264042822
夢精,-0.210985497
蛇蝎,-0.255256613
ダムダム弾,-0.181681327
党派心,-0.265445887
姦夫,-0.228343917
手淫,-0.235746065
轟々たる,-0.214148571
床入り,-0.260359789
同衾,-0.261691932
身勝手,-0.314025188
最早,-0.222938616
もはや,-0.252811583
騙す,-0.280561525
孕む,-0.201284222
縋る,-0.294330438
延々,-0.185147564
馬鹿馬鹿しい,-0.303416679
投げ付ける,-0.240965054
独りぼっち,-0.333760187
孤独,-0.298430305
噛み付く,-0.251946226
嵩む,-0.171300611
引っ掻く,-0.259200422
必至,-0.224241216
訝る,-0.295919947
疑う,-0.259740612
悪阻,-0.233626508
腹立ち,-0.297257307
血相,-0.271759772
形相,-0.234969589
不手際,-0.215773122
喉仏,-0.208583157
高ぶり,-0.291832241
昂奮,-0.282243965
身重,-0.272892757
身代わり,-0.268256252
スケープゴート,-0.225149621
嗜癖,-0.197144361
中毒,-0.242310311
耽溺,-0.255735843
こそ泥,-0.263936498
ニガー,-0.241652233
ロボトミー,-0.18653455
欺罔,-0.222046501
多勢,-0.220968536
後ずさり,-0.243983768
死に神,-0.322275463
ホモセクシュアル,-0.237109224
ホモセクシャル,-0.24447392
常習犯,-0.236930257
はけ口,-0.251119798
妬み,-0.31372748
ねたみ,-0.306718104
不条理,-0.274222078
あざけり,-0.324762707
火打ち石,-0.198744338
踏みとどまる,-0.250817791
抗する,-0.1841565
歯向かう,-0.287556652
楯突く,-0.276083198
付きまとう,-0.243852065
支離滅裂,-0.240243384
執念深い,-0.308727193
頑として,-0.245313462
無意味,-0.275776185
厚かましい,-0.326783273
異常,-0.2236117
いびき,-0.231636695
負う,-0.203958328
汚染,-0.179959163
隠す,-0.254100451
食い違う,-0.200664624
苦情,-0.216691167
クレーム,-0.204161879
くだらない,-0.288977095
焦げる,-0.253988221
死者,-0.18809487
支払い,-0.1632242
縛る,-0.237702369
生じる,-0.174223774
食中毒,-0.185356997
処置,-0.174434382
手当て,-0.201204845
神経質,-0.30156933
ぞんざい,-0.272467718
ダブルパンチ,-0.168394836
長期間,-0.152084948
倒産,-0.141101723
破産,-0.177910157
突然,-0.271033866
怒鳴る,-0.306693337
憎い,-0.302936989
反論,-0.248847946
否決,-0.144602256
拒絶,-0.265309033
肥満,-0.216585866
不景気,-0.193987299
ぶつける,-0.272499185
踏み込む,-0.190503048
迷惑,-0.265987958
有毒,-0.212809901
酔っ払う,-0.319945892
余命,-0.221536408
弱み,-0.261055225
事件,-0.166561314
なくなる,-0.214720487
止める,-0.245132528
軽い,-0.228811862
弱い,-0.262565287
妊娠,-0.216642746
離婚,-0.226499448
賠償,-0.158622619
遂に,-0.2303203
訴訟,-0.149078998
悲しい,-0.355199071
寂しい,-0.318264147
ダメージ,-0.219117877
壊れる,-0.248877943
崩壊,-0.14791656
慢性,-0.174503264
頭痛,-0.230480411
貧困,-0.192950982
貧乏,-0.297814462
不十分,-0.1877414
疲労,-0.216792609
発作,-0.205060003
激発,-0.183529006
注射,-0.197364991
吐く,-0.278994599
兵士,-0.219296948
詐欺,-0.194934267
潰す,-0.237651073
奴隷,-0.207561708
内臓,-0.211139438
つまらない,-0.341024043
侵略,-0.19777465
侵入,-0.163406451
侵犯,-0.164799146
喪失,-0.170722139
漏れる,-0.212165312
断つ,-0.196444406
絶つ,-0.204490513
どうにか,-0.254353513
脱ぐ,-0.253176047
法廷,-0.168791604
不適切,-0.225220604
遅延,-0.113242553
謝罪,-0.24919717
白人,-0.189520443
吸い込む,-0.234097106
塞ぐ,-0.177886556
弊害,-0.201132593
猶予,-0.182479386
リューマチ,-0.223776903
弱る,-0.251118908
和らげる,-0.239245582
凄まじい,-0.295343742
エイズ,-0.175222825
無知,-0.303060842
ことごとく,-0.234191139
無用,-0.238274813
明かす,-0.282774861
顔面,-0.209818874
軽度,-0.174072542
検察官,-0.156841116
脆弱,-0.161222175
怖がる,-0.308809972
どうにも,-0.309040774
免責,-0.170859863
反動,-0.186547495
吐き出す,-0.245728768
兆候,-0.200134073
怨み,-0.260128691
閉ざす,-0.240131047
人身,-0.165459413
だらだら,-0.216849991
不眠,-0.206954592
騒ぎ,-0.230350062
不都合,-0.209018883
言い聞かせる,-0.356834171
無罪,-0.218309472
無実,-0.265716428
決着,-0.165517786
苦笑,-0.313105451
苦笑い,-0.300887098
後々,-0.26455442
直る,-0.265941052
打ち明ける,-0.312333513
陰謀,-0.218350281
呪い,-0.276441715
病人,-0.254895819
奇形,-0.215529657
畸形,-0.234988077
剥ぐ,-0.238415715
剥く,-0.249821019
惨劇,-0.20938171
吸入,-0.151326596
傲慢,-0.340078753
暗殺,-0.209169403
空腹,-0.267646858
化け物,-0.289624498
反撃,-0.198270653
伝染,-0.191002025
蔓延,-0.238144571
立ち直る,-0.261461622
不振,-0.194216343
さまよう,-0.226212327
抱え込む,-0.163854706
不祥事,-0.188980848
内戦,-0.17498129
内乱,-0.183203193
落とし穴,-0.219894773
投薬,-0.205060815
累積,-0.119338889
ホームレス,-0.214487794
幻覚,-0.222283074
愛人,-0.268373846
情婦,-0.246403469
溺れる,-0.279162268
出鱈目,-0.262777136
傷む,-0.201504898
叫び,-0.279880481
歯止め,-0.1677629
通告,-0.171765269
拍車,-0.177291266
痰,-0.205212186
断定,-0.204964682
嫌気,-0.205785357
嫌忌,-0.210955493
出くわす,-0.273614774
思い返す,-0.289721871
悪夢,-0.251958734
水虫,-0.207064151
生々しい,-0.24780593
委縮,-0.205764691
萎縮,-0.189315003
かさむ,-0.196163311
投棄,-0.133936643
隠蔽,-0.200248469
自尊心,-0.315183314
恐怖症,-0.256871057
過多,-0.186362945
誘拐,-0.219851173
睡眠薬,-0.191648431
切り落とす,-0.23114383
飢饉,-0.211022994
巻き上げる,-0.199160937
噛みつく,-0.253447113
肝硬変,-0.164532398
朽ちる,-0.218822664
浪費,-0.248522682
洗脳,-0.236193078
取り締まる,-0.190670747
打ち勝つ,-0.248127525
同棲,-0.214280917
強硬,-0.209209765
押し入れ,-0.22133871
科する,-0.171967903
荒廃,-0.195701661
戦犯,-0.19015266
デマ,-0.217351411
不眠症,-0.207776307
仕業,-0.220317896
アクシデント,-0.213738596
杜撰,-0.201569799
傭兵,-0.178703155
借り手,-0.181446951
不毛,-0.212036743
陳腐,-0.201636458
揺れ動く,-0.251733052
ぐらつく,-0.24820825
挑発,-0.279122696
性交,-0.239238359
持ち出し,-0.198048903
贖う,-0.271072974
貧弱,-0.215657355
プア,-0.161935471
捻挫,-0.179768244
果てしない,-0.216370262
疫病,-0.237276251
徴兵,-0.174255579
徴集,-0.153442579
アヘン,-0.158757302
否認,-0.182450189
空虚,-0.238739084
採決,-0.151087492
表決,-0.111072869
不可避,-0.203853457
不用意,-0.236164364
控え室,-0.197910894
検閲,-0.177529308
的外れ,-0.255020704
自爆,-0.187920345
賄賂,-0.23049839
銃弾,-0.19190694
侮る,-0.300998217
蔑む,-0.295934693
封鎖,-0.130068835
混迷,-0.173324053
凍りつく,-0.236046777
凍てつく,-0.200471594
予断,-0.188204656
抜かす,-0.238685513
脱税,-0.168210714
覆る,-0.19651214
不適合,-0.172174183
逸らす,-0.21582461
気管支炎,-0.183662146
酔っ払い,-0.265992537
保釈,-0.178651276
亡霊,-0.257134929
薄っぺら,-0.272424268
重苦しい,-0.239278827
つけ込む,-0.268816543
迂闊,-0.233559859
不心得,-0.252624277
軽はずみ,-0.314105224
不健康,-0.239804823
弄ぶ,-0.274997784
もてあそぶ,-0.299288363
物言い,-0.245824324
悲痛,-0.304141407
紙切れ,-0.2142271
投獄,-0.24638576
禁錮,-0.171109273
娼婦,-0.253642116
優柔不断,-0.299657876
クラック,-0.153151269
誇大,-0.212562068
惰性,-0.184889677
性病,-0.190531191
決め込む,-0.241362204
よそ者,-0.229191557
異分子,-0.221248029
決闘,-0.226974012
音信,-0.218006098
猛威,-0.180559849
差し迫る,-0.196105734
遺棄,-0.161964929
恐ろしく,-0.314674054
侵食,-0.150697016
浸食,-0.150828583
浸蝕,-0.18456303
偏頭痛,-0.208812555
緩慢,-0.191125898
怪訝,-0.290519848
恐喝,-0.198406953
ほのめかす,-0.241271485
仄めかす,-0.234037988
轢く,-0.238351597
浅はか,-0.319103558
八百長,-0.206208198
シンナー,-0.191910915
虚ろ,-0.268043461
塗り薬,-0.207816341
扇動,-0.228145967
言い寄る,-0.274874058
精神分裂病,-0.186184534
不成立,-0.161677988
無我夢中,-0.280860888
手榴弾,-0.161045886
性急,-0.229848826
ヒステリック,-0.262336054
覚醒剤,-0.171508979
絶食,-0.209444801
没落,-0.21613071
零落,-0.246381866
難儀,-0.229839199
団交,-0.149641138
強欲,-0.291288131
令状,-0.166135621
極寒,-0.204003939
陥没,-0.140573674
粗野,-0.28232501
淫ら,-0.246722819
忍び寄る,-0.222614282
売国奴,-0.229801794
冒涜,-0.285423896
つるむ,-0.295097191
路頭,-0.186074826
紛らわす,-0.275651971
生半可,-0.297221181
連敗,-0.205429362
筋合い,-0.284631354
異教徒,-0.229849949
口うるさい,-0.320497498
骨抜き,-0.198229486
打つ手,-0.196171111
蹴飛ばす,-0.291464229
血塗れ,-0.251055526
物議,-0.255534657
肺気腫,-0.17060613
血税,-0.194392301
粗暴,-0.305923882
離れ離れ,-0.247751589
腹膜炎,-0.180380747
血の気,-0.259311488
偽者,-0.261623801
宦官,-0.221266811
離縁,-0.23822178
物陰,-0.253818878
ボイコット,-0.170039165
正気,-0.267217007
尊属,-0.190108624
盗作,-0.240564032
洗い落とす,-0.244496664
にらみ合う,-0.255848653
ごり押し,-0.237380878
蓄膿症,-0.191037192
戒告,-0.172832675
断固たる,-0.227378848
疥癬,-0.170032349
投石,-0.17605596
ケロイド,-0.239372137
むずむず,-0.206547403
兵卒,-0.206625636
焼き討ち,-0.175345466
地べた,-0.274367039
鼻息,-0.255863892
大逆,-0.189031811
産褥,-0.20880843
改易,-0.212496046
延髄,-0.161816211
町外れ,-0.232264562
服役,-0.195843787
倒錯,-0.251261909
死の灰,-0.181673106
えげつない,-0.301366299
自慰,-0.254910604
同義語,-0.186463726
ぼさぼさ,-0.252091835
念慮,-0.223306164
了見,-0.253845315
スラング,-0.209078827
潜伏期,-0.168653983
一睡,-0.25974961
上役,-0.211159417
脱獄,-0.189513783
枷,-0.188922821
全治,-0.187778359
恥知らず,-0.27513395
辛酸,-0.23229076
煩わせる,-0.290341682
素っ裸,-0.267857352
一時しのぎ,-0.180451555
女々しい,-0.298684404
選管,-0.165879105
ジェノサイド,-0.184300429
密猟,-0.183366778
他言,-0.271126617
奴婢,-0.217716025
頑迷,-0.254896792
虫けら,-0.298107233
暴漢,-0.206086296
フーリガン,-0.171240965
労役,-0.196799407
積年,-0.217204209
彷徨,-0.218389809
尻軽,-0.269190963
散り散り,-0.195843495
狼藉,-0.232477402
困惑,-0.315156856
狼狽,-0.281196514
当惑,-0.276099204
辛苦,-0.248231004
国賊,-0.231898073
強圧,-0.190460635
チフス,-0.197303937
刺殺,-0.171059982
金欠,-0.215096052
貧苦,-0.259884161
二枚舌,-0.235389725
無業者,-0.162798894
焼け落ちる,-0.244962155
他律,-0.192806059
無法者,-0.235772114
掻爬,-0.16251253
迷妄,-0.210435705
うわ言,-0.286444415
諦観,-0.278836786
仇敵,-0.249157062
スタンガン,-0.163008688
あばら骨,-0.238386639
煮えたぎる,-0.24792617
ろくでなし,-0.228965033
私生児,-0.235123341
引き回し,-0.190784078
誤爆,-0.172956443
予審,-0.189336457
早漏,-0.263001665
拙劣,-0.224100852
守銭奴,-0.275206439
逆賊,-0.250757449
すすり泣く,-0.316451265
焼け死ぬ,-0.284644616
ロックアウト,-0.1519564
陥穽,-0.219176677
シャブ,-0.23919901
喉頭蓋,-0.155023929
脳震盪,-0.211316118
雇い人,-0.20106201
喀血,-0.195330404
出刃包丁,-0.207928482
スタグフレーション,-0.171702273
番兵,-0.19326986
出鼻,-0.185796741
金輪際,-0.313488356
一顧,-0.242562252
無軌道,-0.200345136
うどん粉,-0.255576188
瀉血,-0.212635079
焼き捨てる,-0.255796317
監房,-0.179277562
訓告,-0.183049816
不作法,-0.269823736
不信心,-0.289669996
食い逃げ,-0.177785356
紅潮,-0.26070375
吐瀉,-0.252690676
ゲシュタポ,-0.178763285
ジステンパー,-0.166683582
困苦,-0.26018691
マゾヒズム,-0.237699313
忍従,-0.319129322
壊血病,-0.200545476
喉笛,-0.250705091
左傾,-0.164199796
手心,-0.258238871
匕首,-0.223699726
走狗,-0.217985066
原級,-0.165886886
多血,-0.198442078
蟻酸,-0.217477048
発疹チフス,-0.171295962
首魁,-0.189661529
危殆,-0.152555484
虫下し,-0.187474118
干犯,-0.187945332
けんもほろろ,-0.281890413
羽交い締め,-0.210021282
苦杯,-0.183109323
質草,-0.205065446
不仁,-0.286816036
獣性,-0.237123659
盲腸炎,-0.208730071
斃死,-0.16620348
落命,-0.235393883
嗜眠,-0.184308594
生皮,-0.207984989
不首尾,-0.182697975
人非人,-0.292216172
病舎,-0.149028762
ボートピープル,-0.170432349
売女,-0.207488142
失陥,-0.173993146
首枷,-0.213719647
制止,-0.261306148
靴墨,-0.23390581
誓言,-0.258771232
ダブルボギー,-0.196740704
贋造,-0.147403593
薬殺,-0.173481429
ため息,-0.242207363
警手,-0.166688511
嫉視,-0.259179518
ビーンボール,-0.216419006
牢死,-0.229289359
獄死,-0.197749234
私曲,-0.23637699
鶏姦,-0.18611173
不味い,-0.301748258
さ迷う,-0.249943473
齧る,-0.279405158
言い放つ,-0.320074885
居座る,-0.20478454
擦り付ける,-0.268282742
引き延ばす,-0.194653317
蔓延る,-0.238232034
水溜まり,-0.181086327
足枷,-0.19233044
嬰児,-0.214929702
立ち塞がる,-0.235554567
職安,-0.156813456
必定,-0.259485086
土埃,-0.231127447
見境,-0.256722286
擦り傷,-0.207362599
暴き出す,-0.255472848
淋病,-0.193831125
膨満,-0.206038358
ルサンチマン,-0.190733084
ネオナチ,-0.160811183
雪ぐ,-0.25970764
スターリニスト,-0.196530419
クロロキン,-0.129790339
癲狂,-0.169512658
メタンフェタミン,-0.150014927
バルビタール,-0.17939339
不均衡,-0.19250272
不徹底,-0.174733633
乳飲み子,-0.260075188
ロベスピエール,-0.195008409
言いよう,-0.316157179
不経済,-0.176891732
青酸カリ,-0.185069732
突っぱねる,-0.292181035
古臭い,-0.253468096
下らない,-0.225704165
徹底的,-0.229238916
うかつ,-0.223423715
